glyph_unified	src_ref	pronunciation	meaning
쐀	D0-00101	ʔᴀ⁵⁵/ʔᴀ²¹	阿（词头，用途广泛）。
쐁	D0-01001	ʔᴀ⁵⁵	狐。
쐂	D0-01002	ʔᴀ⁵⁵	沙（锅）；土锅。
쐃	D0-01003	ʔᴀ⁵⁵/t͡sʰɛ³³	请。
쐄	D0-01004	ʔᴀ⁵⁵	鹌。
쐅	D0-01101	ʔᴀ²¹	仍；依。
쐆	D0-01201	ʔe⁵⁵	现；此。
쐇	D0-01202	ʔe⁵⁵	这。
쐈	D0-01301	ʔe⁵⁵	叫。
쐉	D0-01302	ʔe⁵⁵	咿。
쐊	D0-01303	ʔḛ³³	吐（小孩吐食）。
쐋	D0-01304	ʔɛ⁵⁵	鹅。
쐌	D0-01401	ʔæ⁵⁵	ai。【艾滋病】，【爱辉】。
쐍	D0-01402	ʔæ⁵⁵	an。【暗标】，【按摩】…
쐎	D0-01403	ʔæ̰³³	牛。【斗牛（使动）】，【公水牛】…
쐏	D0-01501	ʔæ̰³³	腌（肉）。
쐐	D0-01502	ʔæ̰³³	叫；哇（象声词）。
쐑	D0-01503	ʔɑu³³	ao。【凹板】，【凹透镜】。
쐒	D0-01504	ʔo̰³³	呕。
쐓	D0-01505	ʔo³³	噢。
쐔	D0-01506	ʔou³³	ou。【欧元】，【欧洲】。
쐕	D0-01601	ʔu⁵⁵/t͡su⁵⁵	蹲。
쐖	D0-01602	ʔu⁵⁵	头。
쐗	D0-01801	ʔṵ⁵⁵/ŋṵ³³	挑。
쐈	D0-01802	ʔɤ⁵⁵	喊；叫；招；请；唤。
쐙	D0-01803	ʔɤ⁵⁵/ʔɤ³³/ʔɤ²¹	e。【厄尔尼诺现象】，【扼要】…
쐚	D0-01901	ʔɤ²¹	泡。
쐛	D0-01902	ʔɤ³³	肾；腰子。
쐜	D0-01903	ʔɤ̰³³	鸭。
쐝	D0-01904	ʔɤ̰³³	捧。
쐞	D0-02001	pi⁵⁵	屄；阴性；女性及雌性动物生殖器。
쐟	D0-02002	pi⁵⁵/pi³³/pi²¹	bi。【币值】，【币制】…
쐠	D0-02101	pḭ³³	跳。
쐡	D0-02102	pi²¹	盖；关。
쐢	D0-02201	piæn⁵⁵/piæn³³	bian。【汴京】，【变形金刚】…
쐣	D0-02301	piau⁵⁵/piau³³/piau²¹	biao。【鳔胶】，【标本】…
쐤	D0-02302	piɛ²¹	bie。【别墅】，【别针】。
쐥	D0-02303	pin⁵⁵/pin³³	bin。【殡车】，【殡仪馆】…
쐥	D0-02304	piŋ⁵⁵/piŋ³³/piŋ²¹	bing。【并案】，【并存】…
쐧	D0-02401	pe⁵⁵/pe³³/pe²¹	bei。【焙干】，【蓓蕾】…
쐨	D0-02501	pḛ³³	碗。
쐩	D0-02502	pḛ³³	伴。
쐪	D0-02503	pɛ⁵⁵	襁。
쐫	D0-02601	pɛ⁵⁵	被子。
쐬	D0-02602	pɛ⁵⁵	包（动词）。
쐭	D0-02603	pɛ³³/tɛ³³	粗（实）；粗（壮）。
쐮	D0-02604	pɛ³³	斗；扳挣（使动）。
쐯	D0-02605	pɛ²¹	拜。
쐰	D0-02606	pəŋ⁵⁵	ben/beng。【笨蛋】，【镚子】…
쐰	D0-02607	pən³³/pən²¹	ben/beng。【奔驰】，【崩盘】…
쐲	D0-02701	pæ⁵⁵	办。
쐳	D0-02702	pæ⁵⁵	【喜鹊】，【道歉】，【灭亡；打败】，【掺和；搅拌】。
쐴	D0-02703	pæ⁵⁵	ban。【办公】，【办公室】…
쐵	D0-02704	pæ̰³³	蚱；蝗虫。
쐶	D0-02705	pæ̰³³	翘。
쐷	D0-02801	pæ²¹	唇。
쐸	D0-02802	pæ̰²¹	拐。
쐹	D0-02803	pæ̰²¹	镰。
쐺	D0-02804	pai²¹	bai。【白菜】，【白醋】…
쐴	D0-02901	pɑn³³/pɑn²¹	ban。【扳手】，【扳子】…
쐴	D0-02902	pɑŋ³³/pɑŋ²¹	bang。【邦交】，【邦联】…
쐽	D0-03001	pɑu⁵⁵/pɑu³³/pɑu²¹	bao。【报案】，【报表】…
쐾	D0-03101	po⁵⁵	【换了】，【来换】，【轮换；换衣】，【换回来】，【换给（别人）】。
쐿	D0-03102	po⁵⁵	祖；爷。
쑀	D0-03103	po⁵⁵	菜刀词头。
쑁	D0-03104	po⁵⁵	蝌蚪词头。
쑂	D0-03105	po³³	蛙的总称。
쑃	D0-03106	po³³	蒸（动词）。
쑄	D0-03107	po³³	桶；洞；锁；鼓（物体后缀用字）。
쑅	D0-03201	po³³	臂；腿肚后缀。
쑆	D0-03202	po³³	公；雄（性猪后缀）。
쑇	D0-03203	po³³	糖（类前缀）。
쑈	D0-03204	po³³	bo。【拨浪鼓】，【波长】…
쑆	D0-03205	po̰²¹	雄（性牛、马狗等后缀用字）。
쑊	D0-03206	po̰²¹	绞。
쑋	D0-03207	po̰²¹	稠（与稀相对）。
쑌	D0-03208	po̰²¹	臀股（部后缀）。
쑍	D0-03301	pu⁵⁵	豪猪（名词）。
쑎	D0-03302	pu⁵⁵	碓档（名词）。
쑏	D0-03303	pu⁵⁵/pu²¹	bu。【步兵】，【部门】…
쑐	D0-03304	pu³³	（花）朵（量词）。
쑑	D0-03305	pu³³	控；告（动词）。
쑒	D0-03306	pu³³	冠。
쑓	D0-03307	pṵ³³	返；转。
쑔	D0-03308	pṵ³³	缎。
쑕	D0-03309	pṵ³³	转（动词）。
쑖	D0-03310	pṵ³³	团（动词）。
쑗	D0-03311	pṵ³³	教；训；驯。
쑘	D0-03312	pṵ³³/kᴀ⁵⁵	炕；烙。
쑙	D0-03401	pṵ³³	翻；反。
쑚	D0-03402	pṵ³³/pʰo²¹	译。
쑛	D0-03403	pṵ³³	再；重。
쑜	D0-03404	pu²¹	泡；浇（汤）。
쑝	D0-03405	pu²¹	背（使动）。
쑞	D0-03406	pṵ²¹	肥壮。
쑟	D0-03407	pṵ²¹/pɛ⁵⁵	树节子。
쑠	D0-03408	pɤ⁵⁵	毕（摩）师。
쑡	D0-03409	pɤ⁵⁵	堆码（动词）。
쑢	D0-03410	pɤ⁵⁵	念；诵。
쑣	D0-03411	pɤ³³	搜。
쑤	D0-03412	pɤ̰³³	炸。
쑥	D0-03413	pɤ̰³³	背箩（名词）。
쑦	D0-03414	pɤ̰³³	僬；矮。
쑧	D0-03415	pɤ²¹	（肺）肚子。
쑨	D0-03416	pɤ²¹	倒（使动）。
쑩	D0-03417	pɤ²¹	本（量词）。
쑪	D0-03501	pɤ̰²¹	渣。
쑫	D0-03502	pɤ̰²¹	结杆草。
쑬	D0-03503	pʰi⁵⁵/pʰi³³/pʰi²¹	pi。【淠河】，【譬如】…
쑭	D0-03504	pʰi³³	唇。
쑮	D0-03505	pʰi³³	妣；奶；婆。
쑯	D0-03506	pʰi³³	顺畅。
쑰	D0-03507	pʰḭ³³	招。
쑱	D0-03508	pʰḭ³³	扒；拔；刨。
쑲	D0-03601	pʰḭ²¹/pæ̰²¹	排；放（水）。
쑳	D0-03602	pʰḭ²¹	呕吐。
쑴	D0-03603	pʰḭ²¹/pʰḛ²¹	后（天）。
쑵	D0-03604	pʰiæn⁵⁵/pʰiæn³³/pʰiæn²¹	pian。【片段】，【片刻】…
쑶	D0-03701	pʰiɑu⁵⁵/pʰiɑu³³/pʰiɑu²¹	piao。【票额】，【票房】…
쑷	D0-03702	pʰiɛ³³/pʰiɛ²¹	pie。【撇开】，【苤蓝】…
쑸	D0-03801	pʰin⁵⁵/pʰin³³/pʰin²¹	pin。【聘礼】，【聘请】…
쑸	D0-03901	pʰiŋ³³/pʰiŋ²¹	ping。【乒乓】，【乒乓球】…
쑺	D0-04001	pʰe⁵⁵	剖。
쑻	D0-04002	pʰe⁵⁵	毛手毛脚。
쑼	D0-04003	pʰe⁵⁵	边、面（方位词）。
쑽	D0-04004	pʰe⁵⁵	配；聘。
쑾	D0-04005	pʰe⁵⁵	瓢。
쑿	D0-04006	pʰe⁵⁵	钹（打击乐器）。
쒀	D0-04007	pʰe⁵⁵	破。
쒁	D0-04008	pʰe³³	臼。
쒂	D0-04009	pʰe³³	页；张（量词）。
쒃	D0-04010	pʰe³³	升（容量单位，名词，量词）。
쒄	D0-04011	pʰe³³	参；拼。
쒅	D0-04012	pʰḛ³³	只（量词）。
쒆	D0-04013	pʰḛ³³	杆；臂。
쒇	D0-04014	pʰḛ³³/pe³³	半；平。
쒈	D0-04015	pʰe²¹	另；其他。
췖	D0-04101	pʰe²¹	泼；洒。
쒊	D0-04102	pʰe²¹	吐。
쒋	D0-04103	pʰe²¹/tæ̰³³	扁。
쒌	D0-04104	pʰe²¹	铺；肤。
쒍	D0-04105	pʰe²¹	浪；抛。
쒎	D0-04106	pʰe²¹	叶。
쒏	D0-04107	pʰḛ²¹	温；平。
쒐	D0-04201	pʰei⁵⁵/pʰei³³/pʰei²¹	pei。【佩服】，【配备】…
쒑	D0-04202	pʰən³³/pʰən²¹	pen。【喷发】，【喷泉】…
쒑	D0-04203	pʰəŋ⁵⁵/pʰəŋ³³/pʰəŋ²¹	peng。【碰壁】，【碰头】…
쒓	D0-04301	pʰɛ⁵⁵	灰（颜色）。
쒔	D0-04302	pʰɛ³³	旗。
쒕	D0-04303	pʰɛ³³	停；散；谢。
쒖	D0-04304	pʰɛ³³	荒；荐；坪。
쒗	D0-04305	pʰɛ³³	废（物）。
쒘	D0-04306	pʰɛ²¹	浑（水）。
쒙	D0-04307	pʰɛ²¹	肩胛。
쒚	D0-04401	pʰɛ²¹	脊。
쒛	D0-04402	pʰɛ²¹	抢；夺。
쒜	D0-04403	pʰɛ²¹	蓝（色）。
쒝	D0-04404	pʰɛ²¹	茯。
쒞	D0-04405	pʰɛ²¹	蒙（细雨）（形容词缀）。
쒟	D0-04406	pʰæ̰³³	浅。
쒠	D0-04407	pʰæ̰³³	掀。
쒡	D0-04408	pʰæ̰³³	掰。
쒢	D0-04409	pʰæ̰³³	剥。
쒣	D0-04410	pʰᴀ⁵⁵	堆（量词）。
쒤	D0-04411	pʰᴀ⁵⁵	爆。
쒥	D0-04501	pʰᴀ³³	泡（松软）。
쒦	D0-04502	pʰᴀ³³/pʰᴀ⁵⁵	pa。【啪嗒】，【帕斯卡】。
쒧	D0-04503	pʰᴀ²¹	逃；让；避。
쒨	D0-04504	pʰᴀ̰²¹	趴。
쒩	D0-04505	pʰai⁵⁵/pʰai³³/pʰai²¹	pai。【派别】，【派送】…
쒪	D0-04601	pʰan⁵⁵/pʰan²¹	pan。【判别】，【判例】…
쒫	D0-04602	pʰau⁵⁵/pʰau²¹	pao。【泡泡糖】，【炮弹】…
쒬	D0-04603	pʰo⁵⁵	猜。
쒭	D0-04701	pʰo⁵⁵	碰；遇。
쒮	D0-04702	pʰo⁵⁵/pʰo²¹	po。【朴树】，【破获】…
쒯	D0-04703	pʰo³³	俩（用于父子关系）（量）。
쒰	D0-04704	pʰo²¹	布。
쒱	D0-04801	pʰo²¹	父。
쒲	D0-04802	pʰo²¹	族；人；者。
쒳	D0-04803	pʰo²¹	丛；蓬（量词）。
쒴	D0-04804	pʰo²¹	挎（包）（名词）。
쒵	D0-04805	pʰu⁵⁵	pu。【铺面】，【铺位】…
쒶	D0-04806	pʰu³³	资；价；值。
쒷	D0-04807	pʰu³³	祖（先）。
쒸	D0-04901	pʰu³³	公；姑。
쒹	D0-04902	pʰu³³	雄；公。
쒺	D0-04903	pʰu³³	仆。
쒻	D0-04904	pʰṵ³³	喷。
쒼	D0-04905	pʰṵ²¹	罩（小鸟）；扑。
욽	D0-04906	pʰṵ²¹	穿（耳）。
쒾	D0-04907	pʰɤ⁵⁵/t͡sʰo⁵⁵	丘（水量）（量词）。
쒿	D0-04908	pʰɤ³³	折（叠）。
쓀	D0-04909	pʰɤ³³	叠。
쓁	D0-04910	pʰɤ³³	多（超出原有和应有的数目）。
쓂	D0-04911	pʰɤ³³	膀胱。
쓃	D0-04912	pʰɤ³³	盘（绳的量词）。
쓄	D0-04913	pʰɤ³³	垡（名词）。
쓅	D0-04914	pʰɤ²¹	躯体。
쓆	D0-04915	pʰɤ²¹/pʰe²¹	板。
쓇	D0-04916	pʰɤ̰²¹	肿。
쓈	D0-04917	pʰɤ̰²¹	柜。
쓉	D0-04918	pʰɤ̰²¹	柏杨树（名词）。
쓊	D0-05001	bi⁵⁵	美人。
쓋	D0-05002	bi⁵⁵	天花。
쓌	D0-05003	bi³³	捞；擂。
쓍	D0-05004	bi²¹	给。
쓎	D0-05005	bi²¹	奖。
쓏	D0-05006	bi²¹	屁。
쓐	D0-05007	bi²¹	蝴。
쓑	D0-05101	bi²¹	颤。
쓒	D0-05102	bḭ²¹	闻（气味）。
쓓	D0-05103	bḭ²¹	走；泄；漏；气。
쓔	D0-05104	bḭ²¹	裂。
쓕	D0-05105	bḭ²¹	绽。
쓖	D0-05106	be³³	散。
쓗	D0-05107	be³³	痰。
쓘	D0-05108	bḛ³³	说；言；谈。
쓙	D0-05109	bḛ³³	当然（语气词）。
쓚	D0-05110	bḛ³³	块（量词）。
쓛	D0-05111	bḛ³³	吧（助词）（一般放在句末）。
쓜	D0-05112	be²¹	毛乱（形容词）。
쓝	D0-05201	be²¹	须。
쓞	D0-05202	be²¹	袋。
쓟	D0-05203	be²¹	狼藉。
쓠	D0-05204	be²¹	烁。
쓡	D0-05205	be²¹	蠕。
쓢	D0-05206	bḛ²¹	颈；脖。
쓣	D0-05207	bɛ⁵⁵	团；圆。
쐮	D0-05208	bɛ³³/pɛ³³	斗（自动）。
쓥	D0-05209	bɛ³³	份（额）（量）。
쓦	D0-05210	bɛ²¹	面份。
쓧	D0-05211	bɛ²¹	笨。
쓨	D0-05212	bɛ²¹	肚脐。
쓩	D0-05213	bɛ²¹	骨头。
쓪	D0-05214	bɛ²¹	野；鸥。
쓫	D0-05301	bɛ²¹	柿。
쓬	D0-05302	bɛ²¹	壶；瓶。
쓭	D0-05303	bɛ²¹	掉；落。
쓮	D0-05304	bɛ²¹	秃。
쓯	D0-05305	bɛ²¹	芝（麻）。
쓰	D0-05306	bɛ²¹	锤。
쓱	D0-05401	bɛ²¹	蒜（百合）。
쓲	D0-05402	bɛ²¹	百（占卜书）。
쓳	D0-05403	bæ̰³³	岔（路）。
쓴	D0-05404	bæ̰³³	弹；射。
쓵	D0-05405	bæ̰³³	脱。
쓶	D0-05406	bæ̰³³	拐；棍。
쓷	D0-05407	bæ̰³³	窗；亮。
쓸	D0-05408	bᴀ⁵⁵	背。
쓹	D0-05501	bᴀ³³	父；爸；爹。
쓺	D0-05502	bᴀ³³	聋。
쓻	D0-05503	bᴀ³³	仓。
쓼	D0-05504	bᴀ²¹	生育。
쓽	D0-05505	bᴀ²¹	骈。
쓾	D0-05506	bᴀ²¹	富。
쓿	D0-05507	bo³³	薄。
씀	D0-05508	bo³³	（松）鼠。
씁	D0-05509	bo³³	旁。
씂	D0-05510	bo³³	颜；脸；面。
씃	D0-05601	bo³³	比。
씄	D0-05602	bo²¹	亮；白。
씅	D0-05603	bo²¹	河。
쒳	D0-05604	bo²¹/pʰo²¹	丛（名词，量词）。
씇	D0-05605	bo²¹	杖；棍；棒。
씈	D0-05606	bo²¹	步。
씉	D0-05607	bo²¹/pɛ⁵⁵	褥。
씊	D0-05608	bo²¹	葵。
씋	D0-05609	bo²¹	【闻听】。
씌	D0-05610	bu⁵⁵	蚂（蚁）。
씍	D0-05701	bu⁵⁵/bu²¹	浮。
씎	D0-05702	bu⁵⁵	飘。
씏	D0-05703	bu³³	拱。
씐	D0-05704	bu³³	蚕；虫。
씑	D0-05801	bu³³	号。
씒	D0-05802	bu³³	萌；牙。
씓	D0-05803	bu³³	公；牯。
씔	D0-05804	bu³³	（木）削。
씕	D0-05805	bṵ³³	墙；堵。
씖	D0-05806	bṵ³³	幅（量词）。
씗	D0-05807	bṵ³³	疮。
씘	D0-05808	bṵ³³	佛；菩萨。
씙	D0-05809	bṵ³³	饱。
씚	D0-05810	bu²¹	背（自动）。
씛	D0-05901	bu²¹	肩；峰；驼。
씜	D0-05902	bu²¹	欠；义务。
씝	D0-05903	bu²¹	通。
씞	D0-05904	bu²¹	啼；鸣；吼。
씟	D0-05905	bṵ²¹	霉。
씠	D0-05906	bṵ²¹	吻。
씡	D0-05907	bṵ²¹	坛；罐。
씢	D0-05908	bṵ²¹	茶罐。
씣	D0-05909	bṵ²¹	嗉。
씤	D0-05910	bɤ⁵⁵	处；里。
씥	D0-05911	bɤ⁵⁵/pɤ⁵⁵	堆（量词）。
씦	D0-05912	bɤ⁵⁵/pɤ²¹	份；分；倍。
씧	D0-05913	bɤ³³	倒（自动）。
씨	D0-05914	bɤ²¹	山。
씩	D0-06001	bɤ²¹	们。
씪	D0-06002	bɤ²¹	葱（的后缀词）。
씫	D0-06003	bɤ²¹	壅；盖；培。
씬	D0-06004	bɤ²¹	（田）埂。
씭	D0-06005	bɤ²¹	赢；胜。
씮	D0-06006	bɤ²¹	膝盖。
씯	D0-06007	bɤ²¹	（松）球。
씰	D0-06008	bɤ²¹	蚯；蛔。
씐	D0-06009	bɤ²¹	虾子。
씲	D0-06101	bɤ²¹	疙（瘩）。
씳	D0-06102	bɤ²¹	墓。
쑡	D0-06103	bɤ²¹	（铜）锅。
씵	D0-06104	bɤ²¹	蕉（芭蕉后缀）。
씶	D0-06105	bɤ²¹	暗。
씷	D0-06106	bɤ̰²¹	蹄；脚。
씸	D0-06107	bɤ̰²¹	子；梁（鼻子后缀）。
씹	D0-06201	mi⁵⁵	地。
씺	D0-06401	mi⁵⁵/mi²¹	mi。【汨罗江】，【秘方】…
씻	D0-06501	mi³³	闭；眨。
씼	D0-06502	miæn⁵⁵/miæn²¹	mian。【面包】，【面点】…
씽	D0-06601	miɑu⁵⁵/miɑu²¹	miao。【妙笔】，【妙计】…
씾	D0-06602	miɛ⁵⁵/miɛ³³	mie。【蔑视】，【篾匠】…
씿	D0-06701	min²¹	min。【民办】，【民愤】…
씿	D0-06702	miŋ⁵⁵/miŋ²¹	ming。【命案】，【命笔】…
앁	D0-06801	miou⁵⁵	miu。【谬论】，【谬说】…
앂	D0-06802	me⁵⁵	油；脂；蜡。
앃	D0-06901	me⁵⁵	聒。
아	D0-06902	me³³	温；暖热。
악	D0-06903	me³³	面（颜面）。
앆	D0-06904	mḛ³³	马缨；杜鹃。
앇	D0-06905	me²¹	忘。
쓛	D0-06906	me²¹	核（桃）。
앉	D0-06907	me²¹	嫂。
않	D0-06908	me²¹	语言；话。
앋	D0-06909	me²¹	贫；失。
알	D0-07001	mḛ²¹	熟（植物、果类成熟）。
앍	D0-07002	mḛ²¹	兵；卒；军。
앎	D0-07003	mḛ²¹	灰包。
앏	D0-07004	mḛ²¹	痣。
앐	D0-07005	mḛ²¹	梦。
앑	D0-07006	mɛ⁵⁵	名；名声（姓名）。
앒	D0-07007	mɛ⁵⁵	跟；及；够。
앓	D0-07008	mɛ⁵⁵	猫。
암	D0-07101	mɛ⁵⁵	阴。
압	D0-07102	mɛ³³	火。
앖	D0-07103	mɛ³³	女儿。
앗	D0-07104	mɛ³³	尾；末。
았	D0-07201	mɛ³³	木（炭）。
앙	D0-07202	mɛ³³	各自。
앚	D0-07203	mɛ²¹	妻；妾。
앛	D0-07204	mɛ²¹	近；挨。
앜	D0-07205	mɛ²¹	妇。
앝	D0-07206	mei⁵⁵/mei²¹	mei。【昧心】，【魅惑】…
앞	D0-07301	mən⁵⁵/mən²¹	men。【闷酒】，【闷雷】…
앞	D0-07401	məŋ⁵⁵/məŋ³³/məŋ²¹	meng。【孟子】，【梦幻】…
애	D0-07501	mæ³³	划；劈（动词）；块（量词）。
액	D0-07502	mᴀ⁵⁵	尸。
앢	D0-07503	mᴀ⁵⁵/mᴀ³³/mᴀ²¹	ma。【骂名】，【抹布】…
앣	D0-07504	mᴀ²¹	不；无；没；未。
앤	D0-08101	mᴀ²¹	老；摩。
앥	D0-08102	mɑi⁵⁵/mɑi²¹	mai。【迈进】，【麦浪】…
앦	D0-08201	man⁵⁵/man³³/man²¹	man。【曼妙】，【蔓延】…
앦	D0-08301	mɑŋ²¹	mang。【芒果】，【忙叨】…
앨	D0-08302	mɑu⁵⁵/mɑu³³/mɑu²¹	mao。【茂密】，【茂盛】…
앩	D0-08401	mo⁵⁵	高。
앪	D0-08402	mo⁵⁵/mo³³/mo²¹	mo。【万俟】，【末代】…
앫	D0-08501	mo⁵⁵	竹；饱；筷。
앬	D0-08502	mo⁵⁵	高（粱）。
앭	D0-08601	mo⁵⁵	兄；哥。
앮	D0-08602	mo⁵⁵	地；里；几；方。
앯	D0-08603	mo³³	马（名词）。
앰	D0-08604	mo³³	摸；扒。
앱	D0-08605	mo²¹	大（形容词）；雌。
앲	D0-08606	mo²¹	母；妈；娘。
앳	D0-08607	mo²¹	妹（词缀）。
앴	D0-08608	mo²¹	樟（树）。
앵	D0-08609	mo²¹	芋（专用名）。
앶	D0-08701	mo̰²¹	教（育）；指（导）。
앷	D0-08702	mo̰²¹	卧（睡）；反扣。
앸	D0-08703	mo̰²¹	纠缠。
앹	D0-08704	mo̰²¹	瓢。
앺	D0-08705	mou²¹	mou。【牟利】，【牟取】…
앻	D0-08706	mu⁵⁵	蘑；菌；蕈。
야	D0-08707	mu⁵⁵/mu²¹	mu。【木材】，【木筏】…
약	D0-08901	mu³³	天；帝。
앾	D0-08902	mu³³	（苍）蝇。
앿	D0-08903	mṵ³³	吹；刮。
얀	D0-08904	mṵ³³	孵。
얁	D0-08905	mu²¹	做。
얂	D0-08906	mu²¹	（芝）麻。
얃	D0-08907	mu²¹	鹑（专用）。
얄	D0-08908	mu²¹	面粉。
얅	D0-08909	mɤ⁵⁵	闭。
얆	D0-08910	mɤ⁵⁵	含；抿。
얇	D0-08911	mɤ⁵⁵	焖。
얈	D0-09001	mɤ̰²¹	麦；谷。
앥	D0-09002	mɤ̰²¹	脉搏。
얊	D0-09101	fi⁵⁵	东（古彝语）。
얋	D0-09102	fi⁵⁵	唢；箫。
얌	D0-09103	fi²¹	回（族）。
얍	D0-09104	fḭ²¹	穿（使动）。
얎	D0-09105	fe⁵⁵	（挎）包。
얏	D0-09106	fe²¹	宽。
얐	D0-09107	fḛ²¹	崖；岩。
양	D0-09108	fɛ⁵⁵/fæ̰²¹	干；涸。
얒	D0-09201	fɛ⁵⁵	退（潮）。
얓	D0-09202	fɛ⁵⁵	种；类（贬义）。
얔	D0-09203	fɛ⁵⁵	罪犯（古彝语）。
얕	D0-09204	fɛ³³	左。
얖	D0-09205	fɛ³³	审。
얗	D0-09206	fei⁵⁵/fei³³/fei²¹	fei。【肺病】，【肺炎】…
얘	D0-09301	fən⁵⁵/fən³³/fən²¹	fen。【分量】，【分子】…
얘	D0-09401	fəŋ⁵⁵/fəŋ³³/fəŋ²¹	feng。【凤凰】，【凤梨】…
얚	D0-09501	fæ̰³³	发；返。
양	D0-09502	fæ̰²¹/fɛ⁵⁵	干；旱。
얜	D0-09601	fæ̰³³	挜（劝饭）；罚。
얝	D0-09602	fᴀ⁵⁵/fᴀ³³/fᴀ²¹	fa。【发夹】，【发胶】…
얞	D0-09701	fan⁵⁵/fan³³/fan²¹	fan。【犯案】，【犯法】…
얞	D0-10001	faŋ⁵⁵/faŋ³³/faŋ²¹	fang。【放大】，【放荡】…
얠	D0-10101	fo⁵⁵	缝隙。
얡	D0-10102	fo³³	惜；费。
씘	D0-10103	fo²¹	fo。【佛】，【佛事】…
얣	D0-10104	fou²¹	fou。【否决】，【否认】。
얤	D0-10105	fu⁵⁵	副；套（量词）。
쓼	D0-10106	fu⁵⁵	富（裕）。
얦	D0-10107	fu⁵⁵	镀。
얧	D0-10108	fu⁵⁵	负。
얨	D0-10109	fu⁵⁵/fu³³/fu²¹	fu。【讣告】，【讣文】…
얩	D0-10501	fu³³	防。
얪	D0-10502	fṵ³³	熏。
얫	D0-10503	fṵ³³	做（梦）。
얬	D0-10504	fṵ³³	捂。
얭	D0-10505	fṵ³³	痢。
얮	D0-10506	fṵ³³	泻。
얯	D0-10507	fṵ³³	笼（罩）。
얰	D0-10508	fṵ³³/xæ̰³³	拌。
얱	D0-10509	fṵ³³	滑坡。
얲	D0-10510	fu²¹/xu²¹	蛋（名词）。
얳	D0-10511	fu²¹	葫。
어	D0-10512	fu²¹	面酱。
억	D0-10513	fɤ⁵⁵	甩。
얘	D0-10514	fɤ⁵⁵	分（货币单位）。
얷	D0-10601	vi⁵⁵	自己。
언	D0-10602	vḭ³³	兄弟。
얹	D0-10603	vḭ³³	花（名词）；开（动词）。
얺	D0-10701	vḭ³³	昏花。
얻	D0-10702	vḭ³³	瞬（间）。
얼	D0-10703	vi²¹	麻。
얽	D0-10704	vi²¹/pᴀ²¹	麻。
얾	D0-10705	vi²¹	稗。
얿	D0-10706	vḭ²¹	穿（自动）。
엀	D0-10707	vḭ²¹	蛭；蚂蝗。
엁	D0-10708	vḭ²¹	前（面）。
언	D0-10709	vḭ²¹	宗族。
엃	D0-10710	ve⁵⁵	害；崇。
엄	D0-10801	vḛ³³	黏。
업	D0-10802	ve²¹	豺；狼。
없	D0-10803	ve²¹	背（量词）；负荷；担子。
엇	D0-10804	vḛ²¹	挑担（使动）。
었	D0-10805	vḛ²¹	猪；亥。
엉	D0-11001	vḛ²¹	挑（自动）。
엊	D0-11002	vɛ⁵⁵	横（向）。
엋	D0-11003	vɛ⁵⁵	过（往）。
엌	D0-11004	vɛ³³	围。
엍	D0-11005	vɛ²¹	客。
엎	D0-11101	vɛ²¹	购；买。
엏	D0-11102	vɛ²¹	圆。
에	D0-11103	vɛ²¹	暮；昏；傍晚。
엑	D0-11104	vɛ²¹	次；转；回（量词）。
엒	D0-11105	væ̰³³	搂。
엓	D0-11106	væ̰³³	耷；垂。
엔	D0-11107	væ̰³³	灰心。
엕	D0-11108	væ̰³³	鹰。
엖	D0-11109	væ̰²¹	搓。
엗	D0-11110	vᴀ³³	盘旋。
엘	D0-11111	vᴀ³³	蝠。
엙	D0-11112	vᴀ³³	窥探。
엚	D0-11113	vᴀ²¹	网。
엛	D0-11114	vᴀ²¹	枉。
엜	D0-11201	vu⁵⁵	谢。
엝	D0-11202	vu⁵⁵	雁。
엞	D0-11203	vu³³	疯。
쐖	D0-11204	vu³³/ʔu³³	头；首。
엠	D0-11205	vu²¹	肠。
엡	D0-11301	vu²¹	故。
엢	D0-11302	vṵ²¹	窄。
엣	D0-11303	vṵ²¹	瞪（眼）。
엤	D0-11304	vṵ²¹	婿。
엥	D0-11305	vɤ⁵⁵	分。
엦	D0-11306	vɤ³³	远；遥。
엧	D0-11307	vɤ³³	桃。
엨	D0-11308	vɤ̰³³	脆生。
엩	D0-11309	vɤ²¹	秋千。
씓	D0-11310	vɤ²¹	严。
엫	D0-11401	vɤ²¹	稳；诚实。
여	D0-11501	ti⁵⁵	推。
역	D0-11502	ti⁵⁵	槛。
엮	D0-11503	ti⁵⁵	定；订。
엯	D0-11504	ti⁵⁵/pʰe²¹	吐。
연	D0-11505	ti⁵⁵/ti³³/ti²¹	di。【地表】，【地板】…
엱	D0-11801	ti³³	十一（专用数）。
엲	D0-11802	tḭ³³	鳞；甲。
엳	D0-11803	tḭ³³	次；转；回；趟。
열	D0-11804	tḭ³³	浸；泡；淋。
엵	D0-11805	tiæn⁵⁵/tiæn³³/tiæn²¹	dian。【电报】，【电表】…
엶	D0-12201	tiɑu⁵⁵/tiɑu³³	diao。【吊车】，【吊带】…
엷	D0-12301	tiɛ³³/tiɛ²¹	die。【跌幅】，【跌势】…
엸	D0-12302	tiŋ⁵⁵/tiŋ³³/tiŋ²¹	ding。【订单】，【订购】…
엹	D0-12501	tiou³³	diu。【丢丑】，【丢面子】。
엺	D0-12502	te⁵⁵	钉。
엻	D0-12503	te⁵⁵	赡养。
염	D0-12504	te⁵⁵	饲养。
엽	D0-12505	te⁵⁵	脾。
엾	D0-12506	te⁵⁵	刀。
엿	D0-12507	te⁵⁵	凝；结。
였	D0-12508	te⁵⁵	结（拜）；开（亲）。
영	D0-12509	te⁵⁵	场（量词）。
옂	D0-12510	te³³	生（火）。
옃	D0-12601	te³³/dɤ̰³³	装（车）。
옄	D0-12602	te³³	放（盐）；施（肥）。
쑇	D0-12603	te³³	叮（象声词）。
옆	D0-12604	tḛ³³	抱。
옇	D0-12605	tḛ³³	（犁）板。
예	D0-12606	tḛ³³	上。
옉	D0-12607	tḛ³³	乞求。
옊	D0-12608	tḛ²¹	赶；驱；追；撵。
옋	D0-12609	tḛ²¹	蜇。
옌	D0-12610	tḛ²¹	鹰。
옍	D0-12701	tḛ²¹	戳；刺。
옎	D0-12702	tḛ²¹	舂。
옏	D0-12703	tḛ²¹	快（到）。
옐	D0-12704	tɛ⁵⁵	云。
옑	D0-12705	tɛ⁵⁵	随。
옒	D0-12706	tɛ⁵⁵	献；祭奠。
옓	D0-12707	tɛ⁵⁵	（项）圈。
옔	D0-12708	tɛ⁵⁵	森；栗。
옕	D0-12709	tɛ⁵⁵	置；支。
옖	D0-12710	tɛ⁵⁵	栽；种。
옗	D0-12711	tɛ³³/pɛ³³	粗。
옘	D0-12712	tɛ³³	摆；甩。
옙	D0-12801	tɛ²¹	啰嗦；饶舌。
옚	D0-12802	tei²¹	忍。
옛	D0-12803	təŋ⁵⁵/təŋ³³/təŋ²¹	deng。【澄沙】，【灯光】…
쒋	D0-12901	tæ̰³³/pʰe²¹	扁。
옝	D0-12902	tæ̰³³	掌。
옞	D0-12903	tæ̰³³	瞎。
옟	D0-12904	tæ̰²¹	喂；待哺（液体）。
옠	D0-12905	tæ̰²¹	块。
옡	D0-12906	tæ̰²¹	填充。
옢	D0-12907	tæ̰²¹	拴；系。
옣	D0-12908	tæ̰²¹	更比（介词）。
씕	D0-12909	tæ̰²¹/bṵ³³	堵；朵（量词）。
옥	D0-12910	tæ̰²¹	块（量词）。
옦	D0-12911	tæ̰²¹	绣。
옧	D0-12912	tæ̰²¹	掌（动词）。
온	D0-12913	tæ̰²¹	粑；饼。
옩	D0-12914	tᴀ⁵⁵	建；造。
옪	D0-12915	tᴀ⁵⁵	（一）石（量词）（粮）。
옫	D0-13001	tᴀ⁵⁵	荡（动词）。
올	D0-13002	tᴀ⁵⁵	羞。
옭	D0-13003	tᴀ⁵⁵	负荷；重担。
옮	D0-13004	tᴀ⁵⁵	扶。
쓾	D0-13005	tᴀ⁵⁵	大；裕。
옰	D0-13006	tᴀ⁵⁵	麻。
옱	D0-13007	tᴀ⁵⁵	那。
옲	D0-13008	tᴀ⁵⁵/tᴀ³³/tᴀ²¹	da。【大巴】，【大班】…
옳	D0-13301	tᴀ³³	台阶。
옴	D0-13302	tᴀ³³	闩。
옵	D0-13303	tᴀ³³	平等（一样大小）。
옶	D0-13304	tᴀ²¹	帮。
옷	D0-13305	tᴀ²¹	搭。
옸	D0-13306	tᴀ²¹/næ̰³³	和；也；连；都（介词，连词）。
옹	D0-13307	tɑi⁵⁵/tɑi³³/tɑi²¹	dai。【大夫】，【代办】…
옺	D0-13401	tan⁵⁵/tan³³/tan²¹	dan。【旦夕】，【旦角】…
옺	D0-13601	tɑŋ⁵⁵/tɑŋ³³/tɑŋ²¹	dang。【当票】，【当铺】…
옼	D0-13701	tɑu⁵⁵/tɑu³³/tɑu²¹	dao。【到底】，【到期】…
옽	D0-13901	to⁵⁵	长工。
옾	D0-13902	to³³	千（数词）。
옿	D0-13903	to³³	搁；置；放。
와	D0-13904	to³³	留。
왁	D0-13905	to³³	荚；角。
왂	D0-13906	to³³	瘪（秕）。
왃	D0-13907	to²¹	指。
완	D0-13908	to²¹	累；倦。
왅	D0-14001	to²¹	夺。
왆	D0-14002	to̰²¹	起。
왇	D0-14003	to̰²¹	得。
왈	D0-14004	to̰²¹	段；程。
왉	D0-14005	tuŋ⁵⁵/tuŋ³³/tuŋ²¹	dong。【动产】，【动感】…
왊	D0-14101	tou⁵⁵/tou³³/tou²¹	dou。【斗法】，【斗鸡】…
왋	D0-14201	tu⁵⁵	髓。
왌	D0-14202	tu⁵⁵/du³³	（脐）眼。
왍	D0-14203	tu⁵⁵	勃；性欲。
왎	D0-14204	tu⁵⁵/tu³³/tu²¹	du。【杜甫】，【杜牧】…
왏	D0-14401	tu³³	袋。
왐	D0-14402	tu³³	匹（量词）。
왑	D0-14403	tṵ³³	拃；揸（量词）。
왒	D0-14404	tṵ³³	撑；柱；顶；托；叉。
왓	D0-14405	tṵ³³	娃；孩；童。
왔	D0-14406	tṵ³³	云雀。
왕	D0-14407	tu²¹	【一直等待】，【直达；直到】，【直走】…
엫	D0-14501	tu²¹	正；正直。
왗	D0-14502	tu²¹	阻。
왘	D0-14503	tṵ²¹	火（的后缀）。
왙	D0-14504	tṵ²¹	毒。
왚	D0-14505	tɯ³³	下；降。
왛	D0-14506	tɯ³³	低。
왜	D0-14507	tɯ³³	下坡（名词）。
왝	D0-14508	tɯ̰³³	握；持。
왞	D0-14509	tɯ̰³³	叠；把（量词）。
왟	D0-14510	tɯ²¹	雷。
왠	D0-14511	tɯ̰²¹	蒙（鼓）；绷（鼓）。
왡	D0-14512	tuan⁵⁵/tuan³³/tuan²¹	duan。【段落】，【段位】…
왢	D0-14601	tuei⁵⁵/tuei³³	dui。【队礼】，【队列】…
왣	D0-14701	tuən⁵⁵/tuən³³	dun。【钝角】，【盾牌】…
왤	D0-14702	tuo⁵⁵/tuo³³/tuo²¹	duo。【剁肉】，【舵手】…
왥	D0-14801	tɤ⁵⁵	沉淀。
왦	D0-14802	tɤ⁵⁵	床（量词）。
왧	D0-14803	tɤ⁵⁵	鸣叫。
왨	D0-14804	tɤ⁵⁵	窝。
왩	D0-14805	tɤ⁵⁵	（铃）铛。
앐	D0-14806	tɤ⁵⁵	蹬。
왫	D0-14901	tɤ⁵⁵	凸。
왬	D0-14902	tɤ³³/te³³	单；奇（数）。
왭	D0-14903	tɤ³³	独。
왮	D0-14904	tɤ³³	寂；静。
왯	D0-14905	tɤ³³	记。
왰	D0-14906	tɤ̰³³	撮。
왱	D0-14907	tɤ̰³³	捞。
왲	D0-14908	tɤ̰³³	层（量词）。
왳	D0-14909	tɤ̰³³	凹。
왴	D0-14910	tɤ̰³³/tḛ³³	端。
왵	D0-14911	tɤ²¹	埋；葬。
왶	D0-14912	tɤ²¹	拦；挡；遮。
왷	D0-14913	tɤ²¹/bɤ²¹	（灶）坑。
외	D0-14914	tɤ²¹	洞；眼。
왹	D0-14915	tɤ²¹	甸（沉）（形容词）。
왺	D0-14916	tɤ̰²¹	涂；擦（药）。
왻	D0-14917	tɤ̰²¹	穿；戴（使动）。
왼	D0-14918	tɤ̰²¹	上（鞋底）。
왽	D0-15001	tɤ²¹	de。【得宠】，【得分】…
왾	D0-15101	tʰi⁵⁵	垫（鞍）。
왿	D0-15102	tʰi⁵⁵/tʰi³³/tʰi²¹	ti。【剃刀】，【剃度】…
욀	D0-15201	tʰi³³	屎；粪便。
욁	D0-15202	tʰi³³	天（井）；院（子）。
욂	D0-15203	tʰḭ³³	哆（嗦）；战（栗）。
욃	D0-15204	tʰi²¹	一；壹（数词）。
욄	D0-15801	tʰi²¹	喷嚏。
욅	D0-15802	tʰiæn³³/tʰiæn²¹	tian。【天才】，【天地】…
욆	D0-15803	tʰiɑu⁵⁵/tʰiɑu³³/tʰiɑu²¹	tiao。【跳槽】，【跳高】…
욇	D0-15901	tʰiɛ³³/tʰiɛ²¹	tie。【帖服】，【贴补】…
욈	D0-15902	tʰiŋ³³/tʰiŋ²¹	ting。【厅长】，【听差】…
욉	D0-16001	tʰe⁵⁵	笆；席。
욊	D0-16002	tʰe⁵⁵	点；喊；叫。
욋	D0-16003	tʰe³³/tɤ³³	单；只。
욌	D0-16004	tʰe³³	同（时）。
욍	D0-16005	tʰe³³	齐（块儿）。
욎	D0-16006	tʰie³³	（假）装。
욏	D0-16007	tʰḛ³³	拆。
욐	D0-16008	tʰḛ³³	锋利；快；敏锐。
욑	D0-16009	tʰḛ³³	滴（动词，量词）。
욒	D0-16010	tʰḛ³³	损坏；挥霍。
욓	D0-16011	tʰḛ³³	残废。
요	D0-16012	tʰe²¹	告；教；传；讲。
욕	D0-16013	tʰe²¹	编。
욖	D0-16014	tʰḛ²¹	撞；碰。
욗	D0-16101	tʰḛ²¹	压（土）。
욘	D0-16102	tʰḛ²¹	（因）为。
씃	D0-16103	tʰḛ²¹	比。
욚	D0-16104	tʰɛ³³	瘸。
욛	D0-16105	tʰɛ²¹	疯；癫。
욜	D0-16106	tʰæ̰³³	元（货币单位）（量词）。
욝	D0-16107	tʰæ̰³³	冲（用水～）。
욞	D0-16108	tʰæ̰³³	瘫。
욟	D0-16109	tʰæ̰²¹	脸。
욠	D0-16201	tʰæ̰²¹	变幻。
욡	D0-16202	tʰæ̰²¹	成。
욢	D0-16203	tʰæ̰²¹	嗑。
욣	D0-16204	tʰæ̰²¹	穿（山甲）。
욤	D0-16205	tʰæ̰²¹	级。
욥	D0-16206	tʰᴀ⁵⁵/pᴀ⁵⁵	绊。
욦	D0-16207	tʰᴀ⁵⁵	烫。
욧	D0-16208	tʰᴀ⁵⁵/tʰᴀ̰²¹	池；塘。
욨	D0-16209	tʰᴀ⁵⁵/kʰɛ³³	套；付。
용	D0-16210	tʰᴀ⁵⁵/tʰᴀ³³/tʰᴀ²¹	ta。【拓本】，【拓片】…
욪	D0-16301	tʰᴀ³³	松。
욫	D0-16302	tʰᴀ³³	刷（横着砍草）。
욬	D0-16303	tʰᴀ²¹	衣。
욭	D0-16401	tʰᴀ²¹	纸。
욮	D0-16501	tʰᴀ²¹/tʰᴀ⁵⁵	兔；卯。
욯	D0-16502	tʰᴀ²¹	莫；别。
우	D0-16601	tʰᴀ²¹	底；档。
욱	D0-16602	tʰᴀ²¹	怪。
욲	D0-16603	tʰᴀ²¹	土（垡）。
욧	D0-16604	tʰᴀ̰²¹	塘。
운	D0-16605	tʰɑi⁵⁵/tʰɑi³³/tʰɑi²¹	tai。【太极】，【太监】…
욵	D0-16701	tʰan⁵⁵/tʰan³³/tʰan²¹	tan。【叹服】，【叹气】…
욵	D0-16801	tʰɑŋ⁵⁵/tʰɑŋ³³/tʰɑŋ²¹	tang。【烫金】，【烫伤】…
욷	D0-16901	tʰɑu⁵⁵/tʰɑu³³/tʰɑu²¹	tao。【套餐】，【套房】…
울	D0-16902	tʰo³³	竖。
욹	D0-17001	tʰo³³	乾；乙（天干）。
욺	D0-17002	tʰo²¹	时；期；季。
욻	D0-17003	tʰo²¹	撩钉。
욼	D0-17004	tʰo²¹	扣（诱捕）。
욽	D0-17005	tʰo²¹	穿；通。
욾	D0-17006	tʰo²¹	（犁）板。
욿	D0-17007	tʰo²¹	桶。
움	D0-17008	tʰuŋ⁵⁵/tʰuŋ³³/tʰuŋ²¹	tong。【痛斥】，【痛恨】…
웁	D0-17201	tʰou⁵⁵/tʰou³³/tʰou²¹	tou。【透彻】，【透雕】…
웂	D0-17202	tʰu³³/tʰu²¹	tu。【吐泻】，【菟丝子】…
웃	D0-17301	tʰṵ³³	啄；侵；消灭。
웄	D0-17401	tʰu²¹/tʰu⁵⁵	白色；银子。
욹	D0-17402	tʰu²¹	厚；密。
웆	D0-17403	tʰu²¹	芦。
웇	D0-17501	tʰɯ³³	擗；折。
웈	D0-17502	tʰɯ³³	端。
웉	D0-17503	tʰɯ³³	拂（晓）。
웊	D0-17504	tʰɯ̰²¹	除；出；剥。
웋	D0-17505	tʰuan²¹	tuan。【团结】，【团聚】…
워	D0-17506	tʰuei⁵⁵/tʰuei³³/tʰuei²¹	tui。【退避】，【退步】…
웍	D0-17601	tʰuən⁵⁵/tʰuən³³/tʰuən²¹	tun。【吞下】，【吞并】…
웎	D0-17602	tʰuo⁵⁵/tʰuo³³/tʰuo²¹	tuo。【拓宽】，【拓展】…
웏	D0-17701	tʰɤ⁵⁵	混。
원	D0-17702	tʰɤ⁵⁵	te。【特别】，【特产；特长】…
웑	D0-17801	tʰɤ³³	家。
웒	D0-17802	tʰɤ̰³³	条；件（衣服，量词）。
웓	D0-17803	tʰɤ̰³³	兜；揣。
왠	D0-17804	tʰɤ̰³³	蒙。
웕	D0-17805	tʰɤ²¹	放。
웖	D0-17806	tʰɤ²¹	筒；段；节（量词）。
웗	D0-17807	tʰɤ²¹	板（钻）。
웘	D0-17808	tʰɤ²¹	结（疙瘩）。
웙	D0-17809	tʰɤ²¹	深（夜）。
웚	D0-17810	tʰɤ²¹	口吃。
웛	D0-17811	tʰɤ̰²¹	叩；磕。
웜	D0-17812	tʰɤ̰²¹	碰；触。
웝	D0-17813	tʰɤ̰²¹	成。
웞	D0-17814	tʰɤ̰²¹	点头（答应）。
웟	D0-17901	di⁵⁵	低。
웠	D0-17902	di³³	和（和你一起去）。
웡	D0-17903	dḭ³³	滑；不愿（助词）。
웢	D0-17904	di²¹	荸荠。
웣	D0-17905	di²¹	震撼。
웤	D0-17906	dḭ²¹	细（粉）碎。
웥	D0-17907	de⁵⁵	（地）方。
웦	D0-17908	de⁵⁵	顿；餐（量词）。
웧	D0-18001	dḛ³³	初几；爬；上；涨。
웨	D0-18002	dḛ³³	逐。
웩	D0-18003	de²¹	飞。
웪	D0-18004	de²¹	世（间）。
웫	D0-18005	de²¹	鞭。
웬	D0-18006	de²¹	容纳；能装。
웭	D0-18101	de²¹	蝙蝠。
웮	D0-18102	de²¹	鸽；鸠。
웯	D0-18103	de²¹	原；坝；甸。
영	D0-18104	de²¹	场。
웱	D0-18105	de²¹	背。
웲	D0-18106	dḛ²¹	距；黄连。
웳	D0-18107	dḛ²¹	削；斫。
웴	D0-18108	dḛ²¹	牙齿草（名词）。
웵	D0-18109	dḛ²¹	锛（名词）。
웶	D0-18201	dɛ³³	打；击。
웷	D0-18202	dɛ³³	芋。
쑔	D0-18203	dɛ³³	锻。
웹	D0-18204	dɛ³³	织。
웺	D0-18205	dɛ²¹	满。
웻	D0-18206	dɛ²¹	男人生殖器。
웼	D0-18207	dɛ²¹	实（足）。
웽	D0-18208	dɛ²¹	突。
웾	D0-18209	dæ̰³³	割；裁。
웿	D0-18301	dæ̰³³	淡。
윀	D0-18302	dæ̰³³	探。
윁	D0-18303	dæ̰²¹	窃（草名）。
윂	D0-18304	dᴀ³³	宽敞。
윃	D0-18305	dᴀ³³	松。
위	D0-18306	dᴀ³³	誉。
윅	D0-18307	dᴀ³³/t͡sʰɤ²¹	娶。
윆	D0-18308	dᴀ²¹	喝；饮；服；吞；咽。
윇	D0-18309	dᴀ²¹	平坦。
윈	D0-18401	dᴀ²¹	铺；撒。
윉	D0-18402	dᴀ²¹/lᴀ²¹	懒。
윊	D0-18403	dᴀ²¹	为（什么）。
윋	D0-18404	dᴀ²¹	屁。
윌	D0-18405	do³³	蜂。
윍	D0-18501	do³³	去。
윎	D0-18502	do³³	瘦。
윏	D0-18503	do³³	理；俗。
윐	D0-18504	do̰³³	说；讲。
윑	D0-18601	do²¹	行；得；能；许。
윒	D0-18602	do²¹	下（雪）；做成；成功。
윓	D0-18603	do²¹	陷。
윔	D0-18604	do²¹	蕨。
윕	D0-18605	do²¹	椽。
윖	D0-18606	do²¹	踪迹；印迹。
윗	D0-18607	do²¹	翅；翼。
윘	D0-18608	do²¹	强；胜；能。
윙	D0-18609	do²¹	接（用器皿～）。
윚	D0-18610	do²¹	后。
윛	D0-18701	do²¹	（犁）沟。
윜	D0-18702	do²¹	英雄；能人。
윝	D0-18703	du³³	眼。
왌	D0-18704	du³³	池塘；孔洞。
윟	D0-18705	du³³	挖。
유	D0-18706	du³³	平。
육	D0-18707	du³³	支；绺（量词）。
쓕	D0-18708	du³³	锭（量词）。
옭	D0-18709	du³³	窝。
윤	D0-18710	dṵ³³	出。
윥	D0-18711	dṵ³³	踢；蹬。
씝	D0-18712	dṵ³³	穿（过）。
윧	D0-18713	du²¹	侄；姪。
율	D0-18714	du²¹/du⁵⁵	杆。
윩	D0-18801	du²¹	客。
윪	D0-18802	du²¹/do²¹	（用）具；品。
윫	D0-18803	du²¹/do²¹	处；所。
윬	D0-18804	du²¹	棍。
윭	D0-18805	du²¹	（故）意；偏偏。
윮	D0-18806	dṵ²¹	燃（烧）。
윯	D0-18807	dṵ²¹	焦。
윰	D0-18808	dṵ²¹	泉。
윱	D0-18809	dɯ³³	沙子。
윲	D0-18810	dɯ³³	断。
윳	D0-18811	dɯ³³	秃；短。
윴	D0-18812	dɯ³³	褂。
융	D0-18901	dɯ³³	盘腿。
윶	D0-18902	dɯ̰³³	阴。
윷	D0-18903	dɯ̰³³	直。
윸	D0-18904	dɯ²¹	笃。
윹	D0-18905	dɯ²¹	思；想；爱。
윺	D0-18906	dɯ²¹	图。
윻	D0-18907	dɯ²¹	锤。
으	D0-18908	dɯ̰²¹/tḛ²¹	拳；打。
윽	D0-18909	dɯ̰²¹	毒。
윾	D0-18910	dɯ̰²¹	袖子。
윿	D0-18911	dɤ⁵⁵	薄；鄙。
은	D0-18912	dɤ⁵⁵	贫脊。
읁	D0-18913	dɤ³³	聊（谈）。
읂	D0-19001	dɤ³³	狸。
읃	D0-19002	dɤ³³	头（泛指棍子头）。
을	D0-19003	dɤ³³	钝（不锋利）。
읅	D0-19004	dɤ³³	爬。
읆	D0-19005	dɤ³³	颅。
읇	D0-19006	dɤ³³	只；仅。
읈	D0-19007	dɤ³³	酒曲。
쑇	D0-19008	dɤ³³	（麦芽）糖。
읊	D0-19009	dɤ̰³³	踩；踏。
읋	D0-19010	dɤ̰³³	擀。
음	D0-19011	dɤ̰³³	理（窝）。
읍	D0-19012	dɤ̰³³/te³³	装。
읎	D0-19013	dɤ̰³³	（打）扮。
읏	D0-19014	dɤ̰³³	准（备）。
읐	D0-19101	dɤ̰³³/d͡ʑḛ²¹	塞。
응	D0-19102	dɤ²¹	匹（布的量词）。
읒	D0-19103	dɤ²¹	脱（自动）。
읓	D0-19104	dɤ²¹	野（外）。
읔	D0-19105	dɤ²¹	落。
읕	D0-19106	dɤ²¹	坏。
읖	D0-19107	dɤ²¹	蚓；虫。
읗	D0-19108	dɤ²¹	草（果）。
의	D0-19109	dɤ²¹	材料。
읙	D0-19110	dɤ²¹	根（量词）。
읚	D0-19111	dɤ²¹	输。
읛	D0-19112	dɤ²¹	滑。
쓧	D0-19113	dɤ²¹	笨。
읝	D0-19114	dɤ²¹	私生子。
읞	D0-19115	dɤ̰²¹	穿；戴；长；结。
읟	D0-19116	dɤ̰²¹	怪。
읠	D0-19117	dɤ̰²¹	依；由；随。
읡	D0-19201	dɤ̰²¹	赚。
읢	D0-19202	dɤ̰²¹	燃（自动）。
읣	D0-19301	ni⁵⁵/ni²¹	ni。【昵称】，【逆差】…
읤	D0-19302	niæn⁵⁵/niæn²¹	nian。【念头】，【念珠】…
읥	D0-19401	niɑŋ⁵⁵/niɑŋ²¹	niang。【酿造】，【娘娘】。
읦	D0-19402	niɑu⁵⁵/niɑu²¹	niao。【尿布】，【尿酸】…
읧	D0-19403	niɛ⁵⁵/niɛ³³	nie。【聂耳】，【镊子】…
읨	D0-19404	niŋ⁵⁵/niŋ²¹	ning。【宁静】，【柠檬】…
읩	D0-19405	niou²¹	niu。【牛顿】，【牛郎织女】…
읪	D0-19501	nei⁵⁵	nei。【内部】，【内涵】…
읫	D0-19502	nəŋ²¹	neng。【能够】，【能力】…
읬	D0-19503	nɛ⁵⁵	春。
읭	D0-19601	nɛ⁵⁵	可口；味美。
읮	D0-19602	nɛ⁵⁵	后（年）。
읯	D0-19603	nɛ⁵⁵/di⁵⁵/t͡ɕi⁵⁵	小。
읰	D0-19604	nɛ³³	少；差。
읱	D0-19605	nɛ³³	猫（后缀）。
읲	D0-19606	nɛ³³	吉；善；山药。
읳	D0-19607	nɛ³³	挨近。
이	D0-19608	nɛ³³	藕。
익	D0-19609	nɛ³³	赌咒。
읶	D0-19610	nɛ²¹	沉淀。
읷	D0-19611	nɛ²¹	腻。
인	D0-19701	nɛ²¹	宗（事）。
읹	D0-19702	nɛ²¹	苇。
읺	D0-19703	nɛ²¹	弟。
읻	D0-19704	nɛ²¹	妹。
웠	D0-19705	næ³³	和；与。
읽	D0-19706	næ̰³³	稀。
읾	D0-19707	næ̰³³	湿。
읿	D0-19708	næ̰³³	坏；破；烂。
잀	D0-19709	næ̰²¹	噎。
잁	D0-19710	næ̰²¹	补。
잂	D0-19711	næ̰²¹	藤。
잃	D0-19712	næ̰²¹	活；事；工作；东西。
임	D0-19801	næ̰²¹	遗失。
입	D0-19802	næ̰²¹	精神失常。
잆	D0-19901	nᴀ⁵⁵	（石）榴。
왙	D0-19902	nᴀ⁵⁵/tṵ²¹	毒（动词）。
있	D0-19903	nᴀ⁵⁵	芦笙。
잉	D0-19904	nᴀ⁵⁵	棉；构。
잊	D0-19905	nᴀ⁵⁵	火草。
잋	D0-19906	nᴀ⁵⁵	谢。
잌	D0-19907	nᴀ⁵⁵/nᴀ²¹	na。【那么】，【那些】…
잍	D0-19908	nᴀ³³	糯。
쐭	D0-19909	nᴀ³³	垫；支；衬。
잏	D0-19910	nᴀ³³	粘；贴。
자	D0-20001	nᴀ²¹	你。
작	D0-20002	nᴀ²¹	你们（外方言，你们连用，不出现们）。
잒	D0-20003	nᴀ²¹	北。
잓	D0-20101	nɑi⁵⁵/nɑi²¹	nai。【奈何】，【耐烦】…
잔	D0-20102	nan⁵⁵/nan²¹	nan。【难民】，【南下】……
잔	D0-20103	nɑŋ³³	nang。【囔囔】，【囊括】……
잖	D0-20104	nɑu⁵⁵/nɑu³³/nɑu²¹	nao。【闹病】，【闹哄】……
잗	D0-20201	no⁵⁵	好。
잘	D0-20202	no⁵⁵	鼻。
잙	D0-20301	no⁵⁵	斧。
잚	D0-20302	no⁵⁵	背后。
잛	D0-20303	no⁵⁵	听；问。
잜	D0-20304	no⁵⁵/xᴀ²¹	【病好了】。
잝	D0-20305	no⁵⁵	耳。
잞	D0-20306	no⁵⁵	肥沃。
잟	D0-20307	no³³	休息；停歇。
잠	D0-20308	no³³	箭。
잡	D0-20401	no³³	嘛；呃（副词）。
잢	D0-20402	no²¹	病；疼痛。
잣	D0-20403	no²¹	药品。
잤	D0-20404	no̰²¹	等量。
장	D0-20405	no̰²¹	多。
왧	D0-20406	no̰²¹	调皮。
잧	D0-20407	nuŋ⁵⁵/nuŋ²¹	nong。【弄权】，【农场】…
잨	D0-20501	nu⁵⁵	nu。【怒号】，【怒涛】。
잩	D0-20502	nṵ³³	豆。
잪	D0-20601	nṵ³³	尖（嫩）。
잫	D0-20602	nṵ³³	毛；羽；绒。
재	D0-20603	nṵ²¹	乳；奶。
잭	D0-20604	nṵ²¹	申猴。
잮	D0-20605	nṵ²¹	脑。
잯	D0-20606	nṵ²¹	阉（绵羊）（动词）。
잨	D0-20607	nṵ²¹	nu。【奴婢】，【奴化】…
잱	D0-20608	nuan²¹	nuan。【暖流】，【暖气】…
잲	D0-20609	nuo⁵⁵/nuo²¹	nuo。【懦夫】，【懦弱】…
잳	D0-20610	ny²¹	nü。【女人】，【女娲】…
잴	D0-20611	nyɛ⁵⁵	nüe。【疟疾】，【虐待】…
잵	D0-20701	nɯ⁵⁵	绿；青。
잶	D0-20702	nɯ⁵⁵	雾。
잷	D0-20703	nɯ⁵⁵	野（猪）。
잸	D0-20704	nɯ⁵⁵	疯；癞。
잹	D0-20705	nɯ⁵⁵	清。
잺	D0-20706	nɯ³³	软；泡。
잻	D0-20707	nɯ³³	嫩。
잼	D0-20708	nɤ⁵⁵	赤；红色。
잽	D0-20709	nɤ⁵⁵	精；瘦。
잾	D0-20710	nɤ⁵⁵	味道。
잿	D0-20711	nɤ⁵⁵	蟑。
쟀	D0-20712	nɤ³³	短。
쟁	D0-20713	nɤ̰³³	鞋。
쟂	D0-20714	nɤ̰³³	钳；夹；拈。
쟃	D0-20801	nɤ̰³³	晨。
쟄	D0-20802	nɤ̰³³	躲避。
쟅	D0-20803	nɤ²¹	潮。
쟆	D0-20804	nɤ²¹	闻。
쟇	D0-20805	nɤ²¹	嗅；辨别。
쟈	D0-20806	nɤ̰²¹	颤；谋。
쟉	D0-20901	ɬi⁵⁵/ɬi³³	四（数词）。
쟊	D0-20902	ɬi⁵⁵	船；舟；舰。
쟋	D0-20903	ɬi⁵⁵	焰。
쟌	D0-20904	ɬi⁵⁵	刮（风）；扬。
쟍	D0-20905	ɬi³³	孙。
쟎	D0-21001	ɬi³³	梨。
쟏	D0-21002	ɬḭ³³	二（排行老二）。
쟐	D0-21003	ɬi²¹	脏。
쟑	D0-21004	ɬi²¹/t͡sᴀ³³	污染。
쟒	D0-21005	ɬḭ²¹	剥；修；擗。
쟓	D0-21006	ɬḛ³³	重孙。
쟔	D0-21007	ɬḛ²¹	伙（子）；（年）轻。
쟕	D0-21008	ɬɛ⁵⁵	野。
쟖	D0-21101	ɬæ̰³³	（蝌）蚪。
쟗	D0-21102	ɬæ̰²¹	厩。
쟘	D0-21103	ɬæ̰²¹	换（洗衣物）。
쟙	D0-21104	ɬæ̰²¹	蜕。
쟚	D0-21105	ɬᴀ⁵⁵	祭。
쟛	D0-21106	ɬᴀ⁵⁵	黄水。
쟜	D0-21107	ɬᴀ⁵⁵	浓汁。
쟝	D0-21108	ɬᴀ³³	漱；涮。
쟞	D0-21109	ɬᴀ³³	漂洗。
쟟	D0-21110	ɬo⁵⁵	舌。
쟠	D0-21201	ɬo⁵⁵	聪慧；乖巧。
쟡	D0-21202	ɬo³³	迎接。
쟢	D0-21203	ɬo³³	（高）粱。
쟣	D0-21204	ɬo³³	（行）李；铺盖。
쟤	D0-21205	ɬo̰²¹	裤。
쟥	D0-21206	ɬo̰²¹	兔；卯。
쟦	D0-21207	ɬu⁵⁵	炒。
쟧	D0-21208	ɬu⁵⁵	芹。
쟨	D0-21209	ɬṵ²¹	放牧。
쟩	D0-21210	ɬṵ²¹/xo⁵⁵	盯；监。
쟪	D0-21301	ɬɯ⁵⁵	旧。
쟫	D0-21302	ɬɯ̰³³	到顶。
쟬	D0-21303	ɬɯ̰³³	摇。
쟙	D0-21304	ɬɯ̰²¹	革；剥。
쟮	D0-21305	ɬɤ̰³³/lɛ³³	脱。
쟯	D0-21306	ɬɤ̰³³	松脱。
쟰	D0-21307	ɬɤ̰²¹	晒。
쟱	D0-21308	ɬɤ̰²¹	闪电。
쟲	D0-21309	ɬɤ̰²¹	风骚。
쟳	D0-21401	li⁵⁵	翘。
쟴	D0-21402	li⁵⁵/pu⁵⁵	撬。
쟵	D0-21403	li⁵⁵	高兴。
쟶	D0-21404	li⁵⁵	（燕）子。
쟷	D0-21405	li⁵⁵	（镰）刀。
쟸	D0-21406	li⁵⁵	呐；箫；笛。
쟹	D0-21407	li⁵⁵/li²¹	li。【力度】，【力工】…
쑨	D0-21701	li³³	沉；重。
쟻	D0-21702	lḭ³³	街市。
쟼	D0-21703	lḭ³³	卷（动词）。
쟽	D0-21704	lḭ³³	缠绕。
쟾	D0-21705	li²¹	里（量词）。
쟿	D0-21706	li²¹	抟。
저	D0-21707	li²¹	蝶。
적	D0-21708	lḭ²¹	腆。
젂	D0-21709	lḭ²¹	仰。
젃	D0-21710	liɑ²¹	lia。【俩人】。
전	D0-21711	liæn⁵⁵/liæn²¹	lian。【练兵】，【练达】…
젃	D0-21901	liɑŋ⁵⁵/liɑŋ²¹	liang。【亮度】，【亮光】…
젆	D0-21902	liɑu⁵⁵/liɑu²¹	liao。【料定】，【料理】…
젇	D0-22001	liɛ⁵⁵	lie。【列举】，【列强】…
절	D0-22101	lin⁵⁵/lin²¹	lin。【吝啬】，【邻接】…
절	D0-22201	liŋ⁵⁵/liŋ²¹	ling。【另类】，【另外】…
젊	D0-22301	liou⁵⁵/liou³³/liou²¹	liu。【六部】，【六书】……
젋	D0-22501	lie⁵⁵	忙；累。
젌	D0-22502	le⁵⁵	溜（形容词缀）。
젍	D0-22503	le³³	道理。
젎	D0-22504	le²¹	来；递。
젏	D0-22505	lḛ²¹	手。
점	D0-22801	lḛ²¹	私方。
접	D0-22802	lei⁵⁵/lei²¹	lei。【泪痕】，【类比】……
젒	D0-22901	ləŋ⁵⁵/ləŋ²¹	leng。【棱角】，【冷淡】……
젓	D0-22902	lɛ⁵⁵	玩；乐。
젔	D0-22903	lɛ⁵⁵	当。
정	D0-22904	lɛ³³	破；烂。
젖	D0-22905	lɛ³³/lɤ̰²¹	抹。
젗	D0-22906	lɛ³³	松懈。
젘	D0-22907	lɛ²¹	迟；晚。
젙	D0-23001	lɛ²¹/lḛ²¹	脖；颈。
젚	D0-23002	lɛ²¹	幺（小）。
젛	D0-23003	lɛ²¹	舒服；愉快。
제	D0-23004	lɛ²¹	纽。
젝	D0-23005	læ̰³³	易。
젞	D0-23006	læ̰³³	淫。
젟	D0-23007	læ̰³³	冷（意）。
젠	D0-23008	læ̰²¹	舔。
젡	D0-23009	læ̰²¹	食；吃。
젢	D0-23010	læ̰²¹	蟒。
젣	D0-23011	lᴀ⁵⁵	寄托；依靠。
젤	D0-23012	lᴀ⁵⁵	辣（子）。
젥	D0-23101	lᴀ⁵⁵	烂。
젦	D0-23102	lᴀ⁵⁵	驴；骡（词头）。
젧	D0-23103	lᴀ⁵⁵	箩。
젨	D0-23104	lᴀ⁵⁵/lᴀ³³/lᴀ²¹	la。【腊八】，【腊梅】……
젩	D0-23201	lᴀ³³	江；河；冲；谷。
젪	D0-23202	lᴀ³³	被。
쑧	D0-23203	lᴀ³³	晃。
젬	D0-23204	lᴀ³³	然。
젭	D0-23205	lᴀ²¹	轻。
윉	D0-23206	lᴀ²¹	懒。
젯	D0-23207	lᴀ²¹	爽。
젰	D0-23208	lᴀ²¹	秋（千）。
젱	D0-23209	lᴀ̰²¹	（打）转。
젲	D0-23210	lɑi⁵⁵/lɑi²¹	lai。【赖皮】，【赖账】……
젳	D0-23301	lan⁵⁵/lan²¹	lan。【烂漫】，【烂账】……
젳	D0-23401	lɑŋ⁵⁵/lɑŋ²¹	lang。【阆中】，【浪潮】……
젵	D0-23402	lɑu⁵⁵/lɑu³³/lɑu²¹	lao。【烙印】，【涝灾】……
젶	D0-23501	lo⁵⁵	棉花。
젷	D0-23502	lo⁵⁵/ɡo⁵⁵	吠；咬。
잝	D0-23503	lo⁵⁵	耳。
젹	D0-23504	lo³³	獐。
젺	D0-23601	lo³³/lo⁵⁵	公（牛）。
젻	D0-23602	lo³³	引诱。
젼	D0-23603	lo³³	龙；辰。
젽	D0-23604	lo³³	环。
젾	D0-23605	lo³³	雹。
젿	D0-23606	lo³³	轮（子）。
졀	D0-23607	lo³³	（高）兴。
졁	D0-23608	lo²¹	两（量词）。
졂	D0-23609	lo²¹	哪。
졃	D0-23610	lo²¹	城。
졄	D0-23701	lo²¹	（几）乎；（差）点。
졅	D0-23702	lo²¹	【被子；行李】。
졆	D0-23703	lo²¹	尖（刀草）（名词）。
졇	D0-23704	lo²¹	（福）禄。
졈	D0-23705	lo²¹	茶。
졉	D0-23706	lo̰²¹	寅；虎。
졊	D0-23707	lo̰²¹	兽。
졋	D0-23708	lo̰²¹	土锅；沙锅。
졌	D0-23709	luŋ⁵⁵/luŋ²¹	long。【龙灯】，【龙虾】……
졍	D0-23801	lou⁵⁵/lou²¹	lou。【陋室】，【陋俗】……
졎	D0-23901	lu⁵⁵	蕈；菌；菇。
졏	D0-23902	lu⁵⁵	唤猪声（象声词）。
졐	D0-23903	lu⁵⁵/ɕe³³	中心。
욑	D0-23904	lu⁵⁵	漏。
졒	D0-23905	lu⁵⁵	楞。
졓	D0-23906	lu⁵⁵	芦。
졔	D0-23907	lu⁵⁵	利；安。
씉	D0-23908	lu⁵⁵	头绪。
졖	D0-23909	lu⁵⁵/lu³³/lṵ²¹	lu。【陆地】，【陆续】……
졗	D0-24001	lṵ³³	石。
졘	D0-24101	lṵ³³	丢；扔；抛。
욒	D0-24102	lṵ³³	坯。
졚	D0-24103	lṵ³³	帽；笠。
졛	D0-24104	lṵ³³	法帽（专用）。
졜	D0-24105	lu²¹	卉；朵。
졝	D0-24106	lu²¹	公（绵羊）。
졞	D0-24107	lṵ²¹	足；够；有。
졟	D0-24201	lṵ²¹	中午。
졠	D0-24202	lṵ²¹	坟；墓。
욠	D0-24203	lṵ²¹	变幻。
졢	D0-24204	luan⁵⁵/luan²¹	luan。【乱伦】，【乱世】……
졣	D0-24205	luən⁵⁵/luən³³/luən²¹	lun。【论辩】，【论点】……
졤	D0-24301	luo⁵⁵/luo³³/luo²¹	luo。【洛阳】，【骆驼】……
졥	D0-24401	lɯ³³	滚。
졦	D0-24402	lɯ³³	呻吟。
졧	D0-24403	lɯ³³	锁边。
졨	D0-24404	lɯ̰³³	动。
졩	D0-24405	lɯ̰³³	里面；角落。
졪	D0-24406	lɤ⁵⁵/t͡sʰæ̰³³	即；速。
졫	D0-24407	lɤ⁵⁵	当。
졬	D0-24408	lɤ⁵⁵	le。【乐观】，【乐趣】……
졭	D0-24409	lɤ³³	个（量词）。
졮	D0-24410	lɤ³³	囫囵。
졯	D0-24411	lɤ³³	隐瞒。
조	D0-24412	lɤ̰³³/ɕḛ²¹	空；闲。
족	D0-24413	lɤ̰³³	慢；悠。
졲	D0-24501	lɤ²¹	【去来；来往】，【来去要三天】，【去了又回来】。
졳	D0-24502	lɤ²¹	（松）球。
존	D0-24503	lɤ²¹	瘩。
졵	D0-24504	lɤ̰²¹	钻。
졶	D0-24505	lɤ̰²¹	锥。
졷	D0-24506	lɤ̰²¹	窜。
졸	D0-24507	lɤ̰²¹	串（门）。
졹	D0-24508	ly⁵⁵/ly²¹	lü。【律例】，【律师】…
졺	D0-24601	lyɛ⁵⁵	lüe，【掠夺】，【略微】…
졻	D0-24602		指（手）；趾。
졼	D0-24603		小扣。
졽	D0-24604		（购）置。
졾	D0-24701		字。
졿	D0-24702		zhi。【至多】，【至今】……
좀	D0-24801		zi。【自爱】，【自卑】……
졿	D0-25001		zhi。【支持】，【支出】……
옕	D0-25201		褚（垫）。
좃	D0-25202		侧。
좄	D0-25301		械。
종	D0-25302		怒。
좆	D0-25303		磨秋。
좇	D0-25304		咳；咯。
좈	D0-25305		子（助词）。
좉	D0-25306		间；界；缝。
좊	D0-25307		吸。
좋	D0-25308		涩。
좌	D0-25309		井；院。
좍	D0-25310		zhen。【阵地】，【阵容】……
좍	D0-25501		zheng。【正版】，【正常】……
좏	D0-25701		zen。【怎么】，【怎样】……
좏	D0-25702		zeng。【赠品】，【赠送】……
좑	D0-25703		zei。【贼船】，【贼赃】。
좒	D0-25704		称；秤；磅。
좓	D0-25801		芒；睫毛。
좔	D0-25802		堵；止。
좕	D0-25803		铃。
좖	D0-25804		星宿。
쟄	D0-25805		藏。
좘	D0-25806		南（方位）。
좙	D0-25807		男；夫；汉。
좚	D0-25808		栗（树果）。
좛	D0-25809		株；锥；香菌。
좜	D0-25810		真。
좝	D0-25811		斋。
좞	D0-25901		毡。
좟	D0-25902		炸。
좠	D0-25903		灾。
좡	D0-25904		把；束（量词）。
좢	D0-25905		
좣	D0-25906		
좤	D0-25907		
좥	D0-25908		
좦	D0-25909		
좧	D0-25910		
좨	D0-25911		
좩	D0-26001		
좪	D0-26002		
좫	D0-26003		
좬	D0-26004		
좭	D0-26005		
좮	D0-26006		
좯	D0-26007		
좰	D0-26008		
좱	D0-26009		
좲	D0-26010		
좳	D0-26011		
좴	D0-26012		
좵	D0-26101		
좶	D0-26102		
좷	D0-26103		
좸	D0-26104		
좹	D0-26105		
좺	D0-26106		
좻	D0-26107		
좼	D0-26201		
좽	D0-26202		
좾	D0-26203		
좿	D0-26301		
죀	D0-26401		
좿	D0-26402		
죂	D0-26501		
죃	D0-26601		
죄	D0-26701		
죅	D0-26702		
졈	D0-26703		
죇	D0-26801		
죈	D0-26802		
죉	D0-26803		
쒬	D0-26804		
옮	D0-26805		
죌	D0-26806		
죍	D0-26807		
죎	D0-26808		
죏	D0-26809		
죐	D0-26810		
죑	D0-26811		
죒	D0-26812		
죓	D0-26813		
죔	D0-26814		
죕	D0-26815		
죖	D0-26816		
쒼	D0-26901		
죘	D0-26902		
죙	D0-26903		
죚	D0-26904		
죛	D0-26905		
죜	D0-26906		
죝	D0-27001		
죞	D0-27101		
죟	D0-27201		
죠	D0-27202		
죡	D0-27203		
죢	D0-27204		
죣	D0-27205		
죤	D0-27206		
죥	D0-27207		
죦	D0-27401		
죧	D0-27501		
죨	D0-27502		
죩	D0-27503		
죪	D0-27504		
죫	D0-27505		
죬	D0-27506		
죭	D0-27507		
죮	D0-27601		
죯	D0-27602		
죰	D0-27603		
죱	D0-27604		
죲	D0-27701		
죱	D0-27702		
죴	D0-27801		
죵	D0-27802		
죶	D0-27901		
죷	D0-27902		
죸	D0-27903		
죹	D0-28001		
죺	D0-28101		
앋	D0-28102		
주	D0-28103		
죽	D0-28104		
죾	D0-28105		
죿	D0-28106		
준	D0-28201		
줁	D0-28202		
줂	D0-28203		
줃	D0-28204		
줄	D0-28205		
줅	D0-28206		
줆	D0-28301		
줇	D0-28302		
줈	D0-28303		
줉	D0-28304		
줊	D0-28305		
줋	D0-28306		
줌	D0-28307		
줍	D0-28308		
줎	D0-28309		
줏	D0-28310		
줐	D0-28401		
중	D0-28402		
줒	D0-28601		
줓	D0-28602		
줔	D0-28603		
종	D0-28604		
줖	D0-28605		
줗	D0-28606		
왞	D0-28607		
줙	D0-28608		
줚	D0-28609		
줛	D0-28610		
줜	D0-28701		
줝	D0-28702		
줞	D0-28703		
줟	D0-28704		
줠	D0-28705		
줡	D0-28706		
줢	D0-28707		
줣	D0-28708		
줤	D0-28709		
줥	D0-28710		
줥	D0-28801		
줧	D0-29001		
줨	D0-29002		
줩	D0-29003		
줪	D0-29004		
줫	D0-29005		
줬	D0-29006		
줭	D0-29007		
줮	D0-29008		
줯	D0-29009		
졧	D0-29010		
왈	D0-29011		
줲	D0-29012		
줳	D0-29013		
줴	D0-29101		
줵	D0-29102		
줶	D0-29103		
읚	D0-29104		
줸	D0-29105		
줹	D0-29106		
줺	D0-29107		
줻	D0-29108		
줼	D0-29109		
줽	D0-29201		
줾	D0-29202		
줿	D0-29203		
쥀	D0-29204		
쥁	D0-29205		
쥂	D0-29206		
쥃	D0-29207		
쥄	D0-29208		
쥅	D0-29209		
쥆	D0-29301		
쥇	D0-29302		
쥈	D0-29303		
졪	D0-29304		
쥊	D0-29305		
쥋	D0-29306		
쥌	D0-29401		
애	D0-29402		
쥎	D0-29403		
쥏	D0-29404		
쥐	D0-29701		
쐩	D0-29702		
옑	D0-29801		
쥓	D0-29802		
쥔	D0-29803		
쥕	D0-29804		
윀	D0-29805		
쥗	D0-29806		
쥘	D0-29901		
쥙	D0-29902		
쥚	D0-30001		
쥛	D0-30101		
쥚	D0-30102		
쥛	D0-30301		
쥞	D0-30302		
쥟	D0-30401		
쥠	D0-30501		
쥡	D0-30502		
쥢	D0-30503		
쥣	D0-30504		
쥤	D0-30505		
쥥	D0-30506		
쥦	D0-30507		
쥧	D0-30601		
쥨	D0-30602		
쥩	D0-30603		
쥪	D0-30604		
쥫	D0-30605		
쥬	D0-30606		
쥭	D0-30607		
얯	D0-30701		
욌	D0-30702		
쥰	D0-30703		
쥱	D0-30704		
쥲	D0-30705		
쥳	D0-30706		
쥴	D0-30707		
젻	D0-30708		
쥶	D0-30709		
쥷	D0-30801		
쥸	D0-30802		
쥹	D0-30901		
쑞	D0-30902		
쥻	D0-30903		
쥼	D0-31001		
쥽	D0-31201		
쥾	D0-31202		
쥿	D0-31203		
졸	D0-31204		
즁	D0-31205		
즂	D0-31206		
즃	D0-31207		
즄	D0-31208		
즅	D0-31209		
즆	D0-31301		
즇	D0-31302		
즈	D0-31303		
즉	D0-31304		
즊	D0-31401		
즉	D0-31402		
즌	D0-31501		
즍	D0-31502		
즎	D0-31503		
즏	D0-31601		
즐	D0-31602		
즑	D0-31701		
즒	D0-31702		
즓	D0-31801		
쥘	D0-31802		
즕	D0-31803		
즖	D0-31901		
즗	D0-31902		
즘	D0-31903		
즙	D0-31904		
즚	D0-31905		
엨	D0-31906		
즜	D0-31907		
증	D0-32001		
윅	D0-32002		
즟	D0-32003		
즠	D0-32004		
즡	D0-32005		
즢	D0-32006		
즣	D0-32007		
즤	D0-32008		
즥	D0-32009		
즦	D0-32101		
즧	D0-32201		
즨	D0-32202		
즩	D0-32203		
즪	D0-32204		
즫	D0-32301		
웻	D0-32302		
즭	D0-32303		
즮	D0-32304		
즯	D0-32305		
즰	D0-32306		
즱	D0-32307		
즲	D0-32401		
즳	D0-32402		
즳	D0-32403		
즵	D0-32404		
즶	D0-32405		
즷	D0-32406		
잹	D0-32407		
즹	D0-32408		
즺	D0-32501		
즻	D0-32502		
즼	D0-32503		
즽	D0-32504		
즾	D0-32505		
죽	D0-32506		
지	D0-32507		
직	D0-32508		
짂	D0-32601		
짃	D0-32602		
진	D0-32603		
짅	D0-32604		
짆	D0-32605		
욝	D0-32606		
질	D0-32607		
짉	D0-32608		
짊	D0-32609		
짋	D0-32701		
짌	D0-32702		
짍	D0-32703		
짎	D0-32704		
짏	D0-32705		
짐	D0-32706		
집	D0-32707		
짒	D0-32708		
짓	D0-32709		
짔	D0-32710		
징	D0-32711		
짖	D0-32712		
짗	D0-32801		
짘	D0-32802		
짙	D0-32803		
짚	D0-32804		
짛	D0-32805		
짜	D0-32806		
짝	D0-32807		
짞	D0-32808		
짟	D0-32809		
짠	D0-32810		
짡	D0-32901		
짢	D0-32902		
짣	D0-32903		
짤	D0-32904		
짥	D0-32905		
짦	D0-33001		
짧	D0-33002		
짨	D0-33003		
짩	D0-33004		
짪	D0-33005		
짫	D0-33006		
짬	D0-33007		
짭	D0-33008		
짮	D0-33009		
짯	D0-33010		
집	D0-33011		
짱	D0-33012		
짲	D0-33013		
짳	D0-33014		
짴	D0-33015		
짵	D0-33016		
짶	D0-33017		
짷	D0-33018		
째	D0-33101		
짹	D0-33102		
짺	D0-33103		
짻	D0-33104		
짼	D0-33105		
짽	D0-33106		
엁	D0-33107		
짿	D0-33108		
쨀	D0-33109		
쨁	D0-33110		
쨂	D0-33111		
쨃	D0-33112		
쨄	D0-33113		
쨅	D0-33114		
쨆	D0-33115		
짽	D0-33301		
쨈	D0-33302		
쨉	D0-33303		
쨊	D0-33304		
쨋	D0-33305		
쨌	D0-33306		
쨍	D0-33307		
쨎	D0-33308		
쨏	D0-33401		
쨐	D0-33402		
쨑	D0-33901		
쨒	D0-34001		
쨓	D0-34002		
쨔	D0-34003		
쨕	D0-34101		
쨖	D0-34102		
쨗	D0-34103		
쨘	D0-34104		
잒	D0-34105		
쨚	D0-34106		
쨛	D0-34107		
쨜	D0-34108		
쨝	D0-34301		
쨜	D0-34302		
쨝	D0-34501		
쨠	D0-34502		
쨡	D0-34601		
쨢	D0-34602		
쨣	D0-34603		
죏	D0-34604		
쨥	D0-34605		
쨦	D0-34606		
쨧	D0-34607		
쨨	D0-34608		
쨩	D0-34609		
쨪	D0-34610		
쨫	D0-34611		
쨬	D0-34612		
쨭	D0-34613		
쨮	D0-34701		
쨯	D0-34702		
쨰	D0-34703		
쨱	D0-34704		
쨲	D0-34705		
쨳	D0-34706		
쨴	D0-34707		
쨵	D0-34708		
쨶	D0-34709		
쨷	D0-34710		
쨸	D0-34711		
쨹	D0-34712		
쨺	D0-34713		
씧	D0-34714		
쨼	D0-34715		
쨽	D0-34716		
쨾	D0-34717		
쨿	D0-34801		
쩀	D0-34802		
쩁	D0-34803		
쩂	D0-34804		
쩃	D0-34805		
쩄	D0-34806		
쩅	D0-34807		
좨	D0-34808		
쩇	D0-34809		
쩈	D0-34901		
쩉	D0-34902		
쩊	D0-35001		
쩋	D0-35002		
쩌	D0-35101		
쩍	D0-35102		
쩎	D0-35103		
쩏	D0-35104		
쩐	D0-35301		
쩏	D0-35302		
쩐	D0-35501		
쩓	D0-35502		
쩔	D0-35601		
쩕	D0-35602		
쩖	D0-35603		
쩗	D0-35604		
쩘	D0-35605		
쩙	D0-35606		
쩚	D0-35607		
쩛	D0-35701		
쩜	D0-35702		
쩝	D0-35703		
쩞	D0-35704		
쩟	D0-35705		
쩠	D0-35706		
윃	D0-35707		
쩢	D0-35708		
쩣	D0-35709		
쩤	D0-35710		
쩥	D0-35711		
쩦	D0-35712		
쑩	D0-35713		
쩨	D0-35714		
쩩	D0-35715		
쩥	D0-35801		
쩫	D0-35802		
쩬	D0-35901		
쩭	D0-36001		
쩮	D0-36002		
쩯	D0-36003		
쩰	D0-36004		
쩱	D0-36005		
쩲	D0-36101		
쩳	D0-36201		
졾	D0-36301		
쩵	D0-36302		
쩶	D0-36303		
쩷	D0-36304		
쩸	D0-36305		
쩹	D0-36306		
쩺	D0-36307		
쩻	D0-36401		
쩼	D0-36402		
쩽	D0-36403		
쩾	D0-36404		
쩿	D0-36501		
쪀	D0-36502		
쪁	D0-36503		
쪂	D0-36601		
쪃	D0-36602		
쪄	D0-36603		
쪅	D0-36701		
쪆	D0-36702		
쪇	D0-36703		
옵	D0-36801		
쪉	D0-36802		
쪊	D0-36803		
쪋	D0-36901		
쪌	D0-36902		
쪍	D0-36903		
쪎	D0-37001		
쪏	D0-37002		
쪐	D0-37003		
쪑	D0-37004		
쪒	D0-37005		
쪓	D0-37006		
쪔	D0-37007		
쪕	D0-37008		
쪖	D0-37009		
쪗	D0-37010		
즖	D0-37011		
쪙	D0-37101		
쪚	D0-37102		
쪛	D0-37103		
쪜	D0-37104		
쪝	D0-37105		
쪞	D0-37106		
쪟	D0-37107		
쪠	D0-37108		
쪡	D0-37201		
쪡	D0-37301		
쪣	D0-37302		
쪤	D0-37303		
쪥	D0-37304		
쪦	D0-37305		
쪧	D0-37306		
쪨	D0-37307		
쪩	D0-37308		
쪪	D0-37309		
쪫	D0-37401		
쪬	D0-37402		
쪭	D0-37403		
쪮	D0-37404		
쪯	D0-37405		
쪰	D0-37406		
쪱	D0-37407		
쪲	D0-37408		
쪳	D0-37409		
줮	D0-37410		
쪵	D0-37411		
쪵	D0-37412		
쪷	D0-37501		
쪸	D0-37502		
쪹	D0-37503		
쪺	D0-37504		
얼	D0-37505		
쪼	D0-37506		
쪽	D0-37507		
쪾	D0-37508		
쪿	D0-37601		
쫀	D0-37602		
쫁	D0-37603		
쫂	D0-37604		
쫃	D0-37605		
쫄	D0-37701		
쫅	D0-37801		
쫆	D0-37802		
쫇	D0-37803		
쫈	D0-37804		
쫉	D0-37805		
쫊	D0-37806		
쫆	D0-37807		
쫌	D0-37808		
쫍	D0-37809		
쫎	D0-37901		
쫏	D0-37902		
쫐	D0-37903		
쫑	D0-37904		
쫒	D0-37905		
쫓	D0-37906		
옚	D0-37907		
쫕	D0-38001		
쫖	D0-38002		
쫗	D0-38003		
쫘	D0-38004		
쫙	D0-38005		
쫚	D0-38006		
쫛	D0-38007		
쫜	D0-38008		
쫝	D0-38009		
쫞	D0-38010		
쫟	D0-38011		
쫠	D0-38101		
왯	D0-38102		
쫢	D0-38103		
쫣	D0-38104		
쫤	D0-38301		
쫥	D0-38302		
옭	D0-38303		
쨨	D0-38304		
쫨	D0-38305		
쫩	D0-38306		
쫪	D0-38307		
쫫	D0-38308		
쫬	D0-38309		
읯	D0-38310		
쫮	D0-38311		
쫯	D0-38312		
쫰	D0-38313		
쫱	D0-38314		
쫲	D0-38315		
쫳	D0-38401		
쫴	D0-38501		
쫵	D0-38701		
쫶	D0-38801		
쫷	D0-39001		
쫸	D0-39301		
쫸	D0-39401		
쫺	D0-39501		
쫻	D0-39502		
쫼	D0-39701		
쫽	D0-39702		
쫾	D0-39703		
쫿	D0-39801		
쬀	D0-39802		
쬁	D0-39803		
쬂	D0-39804		
쨼	D0-39805		
쬄	D0-39806		
쬅	D0-39807		
쬆	D0-39808		
쬇	D0-39809		
쬈	D0-39810		
쬉	D0-39811		
쬊	D0-39812		
쬋	D0-39901		
쬌	D0-39902		
젋	D0-39903		
쬎	D0-39904		
쬏	D0-39905		
졪	D0-39906		
쬑	D0-39907		
쬒	D0-39908		
짴	D0-39909		
쬔	D0-39910		
쬕	D0-39911		
쬖	D0-39912		
쬗	D0-39913		
쬘	D0-39914		
쪥	D0-39915		
쬚	D0-40001		
쬛	D0-40002		
쬜	D0-40003		
쬝	D0-40004		
쬞	D0-40101		
쬟	D0-40201		
쬠	D0-40301		
좮	D0-40401		
쬢	D0-40402		
쬣	D0-40403		
쬤	D0-40404		
쬥	D0-40405		
쬦	D0-40701		
쬧	D0-40801		
젛	D0-40802		
쬩	D0-40803		
쬪	D0-40804		
쬫	D0-40805		
쬬	D0-40806		
쬭	D0-40901		
쬮	D0-40902		
쬯	D0-40903		
쬰	D0-40904		
쬱	D0-40905		
쬲	D0-40906		
쬳	D0-40907		
쬴	D0-40908		
쬇	D0-40909		
쬶	D0-40910		
쬷	D0-40911		
쬸	D0-40912		
쬹	D0-40913		
왨	D0-40914		
쬻	D0-40915		
쬼	D0-40916		
쬽	D0-40917		
쬾	D0-41001		
쬿	D0-41002		
쭀	D0-41003		
쓦	D0-41004		
쭂	D0-41005		
쭃	D0-41006		
쭄	D0-41007		
쥭	D0-41008		
쬲	D0-41009		
쭇	D0-41101		
쭈	D0-41102		
쭉	D0-41301		
쭊	D0-41302		
쭋	D0-41401		
쭌	D0-41501		
쭌	D0-41601		
쭎	D0-41801		
쭏	D0-41802		
쭐	D0-41901		
쭑	D0-41902		
쭒	D0-41903		
쭓	D0-41904		
쭔	D0-41905		
쭕	D0-41906		
쭖	D0-42001		
쭗	D0-42002		
쭘	D0-42003		
쭙	D0-42004		
쭚	D0-42005		
쭛	D0-42006		
쭜	D0-42007		
쭝	D0-42008		
쭞	D0-42009		
쭟	D0-42010		
쭠	D0-42011		
쭡	D0-42012		
쭢	D0-42013		
쭣	D0-42014		
쭤	D0-42015		
쭥	D0-42101		
쭦	D0-42102		
쭧	D0-42103		
쬖	D0-42104		
쭩	D0-42105		
쭪	D0-42106		
쭫	D0-42107		
쨸	D0-42108		
쭭	D0-42109		
쭮	D0-42110		
쭯	D0-42201		
쭰	D0-42401		
쭱	D0-42402		
쭲	D0-42501		
쭳	D0-42502		
쭴	D0-42503		
쨃	D0-42504		
쭶	D0-42505		
쭷	D0-42506		
쭸	D0-42507		
쭹	D0-42508		
쭺	D0-42509		
쭻	D0-42601		
쭼	D0-42602		
쭽	D0-42603		
쭾	D0-42604		
쩢	D0-42605		
쮀	D0-42606		
쮁	D0-42607		
쮂	D0-42608		
얊	D0-42701		
쮄	D0-42702		
쮅	D0-42703		
쮆	D0-42704		
쮇	D0-42705		
쮈	D0-42706		
쮉	D0-42707		
쮊	D0-42801		
쮋	D0-42802		
쮌	D0-42803		
쮍	D0-42804		
쮎	D0-42805		
쮏	D0-42806		
쮐	D0-42807		
쭀	D0-42808		
쭂	D0-42809		
쮓	D0-42901		
쮔	D0-42902		
쮕	D0-42903		
쮖	D0-42904		
쮗	D0-42905		
쮘	D0-42906		
쮙	D0-42907		
쮚	D0-42908		
쮛	D0-42909		
쮜	D0-42910		
쮝	D0-42911		
쮞	D0-42912		
쮟	D0-43001		
쮠	D0-43002		
쮡	D0-43003		
쮢	D0-43004		
쮣	D0-43005		
쮣	D0-43006		
쮥	D0-43007		
쮦	D0-43008		
쮧	D0-43009		
즖	D0-43010		
쮩	D0-43011		
쮪	D0-43012		
쮫	D0-43201		
쮬	D0-43202		
쮭	D0-43203		
쮮	D0-43204		
쮯	D0-43205		
쮰	D0-43301		
쮱	D0-43302		
쮲	D0-43303		
쮳	D0-43304		
쮴	D0-43305		
욗	D0-43306		
쮶	D0-43401		
쮲	D0-43402		
쮸	D0-43403		
줖	D0-43404		
쮺	D0-43405		
짬	D0-43406		
쮼	D0-43407		
쮽	D0-43408		
쮾	D0-43409		
쮿	D0-43501		
쯀	D0-43502		
쯁	D0-43503		
쯂	D0-43504		
쯃	D0-43505		
쮇	D0-43506		
쯅	D0-43601		
쩂	D0-43602		
잾	D0-43603		
쯈	D0-43604		
쯉	D0-43605		
쯊	D0-43606		
쯋	D0-43607		
쯌	D0-43608		
쯍	D0-43609		
쯎	D0-43610		
쯏	D0-43611		
쯐	D0-43612		
쯑	D0-43613		
쯒	D0-43614		
쯓	D0-43615		
쯔	D0-43801		
쯕	D0-43802		
쯖	D0-43803		
쯗	D0-43804		
쯘	D0-43805		
쯙	D0-43806		
쯚	D0-43807		
쯛	D0-43808		
쯜	D0-43809		
쯝	D0-43810		
읃	D0-43901		
쯟	D0-43902		
쯠	D0-43903		
쯡	D0-43904		
쯢	D0-43905		
쯣	D0-44001		
쯤	D0-44002		
쯥	D0-44003		
쯦	D0-44101		
쯧	D0-44102		
쯨	D0-44103		
쯩	D0-44104		
쯪	D0-44105		
쯫	D0-44201		
쯬	D0-44401		
쯭	D0-44501		
쯮	D0-44502		
쯯	D0-44503		
쯰	D0-44504		
쯱	D0-44505		
쯲	D0-44901		
쯳	D0-44902		
쯴	D0-44903		
쯵	D0-45001		
쯶	D0-45002		
쯷	D0-45003		
쯸	D0-45004		
쯹	D0-45005		
쯺	D0-45006		
쯻	D0-45007		
쯗	D0-45101		
쯽	D0-45401		
쯾	D0-45601		
쯿	D0-45801		
찀	D0-46001		
찀	D0-46101		
찂	D0-46301		
찃	D0-46302		
찄	D0-46401		
찅	D0-46402		
찆	D0-46501		
찇	D0-46502		
찈	D0-46503		
찉	D0-46504		
찊	D0-46505		
쮗	D0-46506		
찌	D0-46507		
찍	D0-46508		
찎	D0-46509		
졐	D0-46510		
찐	D0-46511		
찑	D0-46512		
찒	D0-46513		
찓	D0-46514		
찔	D0-46515		
찕	D0-46516		
찖	D0-46701		
찗	D0-46702		
찘	D0-46703		
찙	D0-46704		
찚	D0-46705		
찛	D0-46706		
찜	D0-46707		
찝	D0-46708		
찞	D0-46801		
찟	D0-46802		
찠	D0-46803		
찡	D0-46804		
찢	D0-46805		
조	D0-46806		
찤	D0-46807		
찥	D0-46808		
찦	D0-46809		
찧	D0-46810		
차	D0-46811		
착	D0-46901		
찪	D0-47001		
찫	D0-47101		
찬	D0-47301		
찭	D0-47302		
짙	D0-47401		
찯	D0-47402		
찰	D0-47403		
찱	D0-47404		
찲	D0-47405		
찳	D0-47406		
찴	D0-47407		
찵	D0-47408		
찶	D0-47701		
찷	D0-47702		
참	D0-47703		
찹	D0-47704		
찺	D0-47705		
찻	D0-47801		
찼	D0-47802		
창	D0-47803		
찾	D0-47804		
찿	D0-47805		
찍	D0-47806		
쥔	D0-47807		
챂	D0-47808		
챃	D0-47809		
채	D0-47810		
책	D0-47901		
챆	D0-47902		
챇	D0-48001		
챈	D0-48002		
챉	D0-48003		
옰	D0-48004		
챋	D0-48005		
챌	D0-48006		
챍	D0-48007		
챎	D0-48008		
챏	D0-48009		
왚	D0-48010		
챑	D0-48011		
챒	D0-48101		
챓	D0-48401		
챓	D0-48601		
챕	D0-48801		
챖	D0-48901		
챗	D0-49001		
챘	D0-49301		
챙	D0-49501		
챚	D0-49601		
챛	D0-49701		
챜	D0-50001		
챝	D0-50201		
챞	D0-50401		
챟	D0-50402		
윎	D0-50601		
챡	D0-50602		
챢	D0-50603		
챣	D0-50604		
챤	D0-50605		
챥	D0-50606		
챦	D0-50607		
챦	D0-50701		
짜	D0-50702		
챩	D0-50703		
챪	D0-50704		
챫	D0-50705		
챬	D0-50706		
쮊	D0-50707		
챮	D0-50708		
챯	D0-50709		
챰	D0-50710		
챱	D0-50711		
챲	D0-50712		
쫾	D0-50713		
챴	D0-50801		
쭔	D0-50802		
챶	D0-50803		
챷	D0-50804		
챸	D0-50805		
챹	D0-50806		
챺	D0-50807		
챻	D0-50808		
챼	D0-50809		
챽	D0-50810		
챾	D0-50901		
챾	D0-51001		
첀	D0-51101		
첁	D0-51102		
첂	D0-51103		
씢	D0-51201		
첄	D0-51202		
죎	D0-51203		
첆	D0-51204		
첇	D0-51205		
첈	D0-51206		
쥲	D0-51207		
첊	D0-51208		
쭭	D0-51209		
첌	D0-51210		
첍	D0-51301		
첎	D0-51302		
첏	D0-51303		
첐	D0-51304		
첑	D0-51305		
첒	D0-51306		
첓	D0-51307		
첔	D0-51601		
첕	D0-51602		
첖	D0-51701		
첗	D0-51702		
처	D0-51703		
척	D0-51704		
첚	D0-51705		
첛	D0-51706		
천	D0-51707		
첝	D0-51801		
첞	D0-51802		
첟	D0-51803		
철	D0-51804		
첡	D0-51805		
첢	D0-51806		
첣	D0-51901		
첣	D0-52001		
첥	D0-52002		
첦	D0-52201		
첧	D0-52202		
첨	D0-52401		
첩	D0-52402		
첪	D0-52403		
첫	D0-52404		
첬	D0-52405		
청	D0-52406		
첮	D0-52407		
찴	D0-52408		
첰	D0-52409		
첱	D0-52601		
첲	D0-52602		
첳	D0-52603		
체	D0-52701		
첵	D0-52702		
첶	D0-52801		
첷	D0-52802		
첸	D0-52803		
첹	D0-52804		
쒭	D0-52805		
첻	D0-52806		
읆	D0-52807		
첽	D0-52808		
첾	D0-52809		
윎	D0-52810		
쳀	D0-52811		
쳁	D0-52812		
쪇	D0-52813		
잿	D0-52814		
쳄	D0-52901		
쳅	D0-52902		
쳆	D0-52903		
쳇	D0-52904		
쳈	D0-52905		
쳉	D0-52906		
쳊	D0-52907		
쳋	D0-52908		
쳌	D0-52909		
쳌	D0-52910		
쳎	D0-53001		
쥰	D0-53002		
쳐	D0-53003		
쳑	D0-53004		
쳒	D0-53005		
쳓	D0-53006		
쳔	D0-53007		
쳕	D0-53008		
쳖	D0-53101		
윈	D0-53102		
쳘	D0-53103		
쳙	D0-53104		
쳚	D0-53105		
쳛	D0-53201		
쳛	D0-53202		
쳝	D0-53203		
쳞	D0-53301		
쳟	D0-53302		
쳠	D0-53303		
쬷	D0-53304		
쳢	D0-53305		
웭	D0-53306		
쳤	D0-53307		
얾	D0-53401		
쳦	D0-53402		
쳧	D0-53403		
쳨	D0-53501		
쳩	D0-53601		
쳪	D0-53602		
쳫	D0-53603		
쳬	D0-53604		
쳭	D0-53605		
쳮	D0-53701		
쳯	D0-53702		
쳰	D0-53703		
쳱	D0-53704		
쳲	D0-53705		
쳳	D0-53706		
쳴	D0-53707		
쳵	D0-53708		
쳶	D0-53709		
쳷	D0-53710		
쳸	D0-53801		
쳸	D0-53802		
쳺	D0-53901		
쳻	D0-53902		
쳼	D0-54001		
쳽	D0-54002		
쳾	D0-54003		
쳿	D0-54101		
촀	D0-54102		
촁	D0-54103		
촂	D0-54201		
촃	D0-54202		
촄	D0-54203		
옋	D0-54204		
촆	D0-54205		
촇	D0-54206		
초	D0-54207		
촉	D0-54208		
웘	D0-54301		
촋	D0-54302		
촌	D0-54303		
촍	D0-54304		
촎	D0-54305		
촏	D0-54306		
촐	D0-54307		
첆	D0-54401		
촒	D0-54402		
쫫	D0-54403		
촔	D0-54404		
촕	D0-54405		
촖	D0-54406		
촗	D0-54407		
촘	D0-54408		
촙	D0-54501		
촚	D0-54502		
촛	D0-54503		
촜	D0-54504		
총	D0-54505		
촞	D0-54506		
촟	D0-54507		
촠	D0-54508		
촡	D0-54509		
촢	D0-54510		
촣	D0-54511		
촤	D0-54512		
촥	D0-54513		
촦	D0-54601		
촧	D0-54602		
촨	D0-54603		
촩	D0-54701		
촪	D0-54702		
촫	D0-54703		
촬	D0-54704		
첲	D0-54705		
촮	D0-54706		
촯	D0-54707		
촰	D0-54708		
촱	D0-54709		
촲	D0-54710		
촳	D0-54711		
읯	D0-54801		
촵	D0-54802		
촶	D0-54803		
촷	D0-54804		
촸	D0-54805		
촹	D0-54806		
촺	D0-54807		
촻	D0-54808		
촼	D0-54901		
촽	D0-54902		
촾	D0-54903		
촿	D0-54904		
쵀	D0-54905		
쵁	D0-54906		
쩘	D0-54907		
쐠	D0-54908		
쵄	D0-54909		
쟴	D0-54910		
쵆	D0-55001		
쵇	D0-55002		
쵈	D0-55003		
쵉	D0-55004		
쵊	D0-55005		
쵋	D0-55006		
쐗	D0-55101		
쬢	D0-55102		
쵎	D0-55103		
쵏	D0-55104		
쵐	D0-55201		
쵑	D0-55202		
쵒	D0-55203		
쵓	D0-55204		
쵔	D0-55205		
쵕	D0-55206		
쵖	D0-55207		
쵗	D0-55208		
쵘	D0-55209		
쵙	D0-55210		
쵚	D0-55211		
쵀	D0-55212		
최	D0-55213		
쑘	D0-55301		
쵞	D0-55302		
쵟	D0-55303		
쵠	D0-55304		
웮	D0-55401		
쵢	D0-55402		
쵣	D0-55403		
젻	D0-55404		
쵥	D0-55405		
쵦	D0-55406		
쵧	D0-55501		
쵨	D0-55502		
쵩	D0-55503		
쵪	D0-55504		
쵫	D0-55505		
쵬	D0-55506		
쵭	D0-55507		
쵮	D0-55601		
쵯	D0-55602		
쵰	D0-55603		
쵱	D0-55604		
쵲	D0-55605		
쵲	D0-55606		
쵴	D0-55701		
쵵	D0-55702		
좲	D0-55703		
쵷	D0-55704		
얰	D0-55705		
쵹	D0-55706		
쵺	D0-55707		
졥	D0-55708		
쵼	D0-55709		
쵽	D0-55710		
쵾	D0-55711		
쵿	D0-55801		
춀	D0-55802		
쳑	D0-55803		
춂	D0-55804		
춃	D0-55805		
춄	D0-55806		
춅	D0-55807		
춆	D0-55808		
춇	D0-55809		
춈	D0-55810		
춉	D0-55811		
춊	D0-55812		
춋	D0-55813		
잜	D0-55814		
춍	D0-55901		
춎	D0-55902		
춃	D0-55903		
쫖	D0-55904		
춑	D0-55905		
춒	D0-55906		
춓	D0-55907		
쨍	D0-55908		
축	D0-55909		
춖	D0-55910		
춗	D0-55911		
춘	D0-55912		
춙	D0-55913		
춚	D0-56001		
춚	D0-56201		
출	D0-56202		
춝	D0-56301		
춞	D0-56401		
춟	D0-56402		
춠	D0-56403		
쟩	D0-56404		
춢	D0-56405		
춣	D0-56406		
춤	D0-56407		
춥	D0-56501		
춦	D0-56502		
춧	D0-56503		
춨	D0-56601		
충	D0-56602		
춪	D0-56603		
춫	D0-56604		
춬	D0-56605		
춭	D0-56606		
읏	D0-56607		
춯	D0-56608		
쮴	D0-56609		
춱	D0-56610		
춲	D0-56701		
춳	D0-56702		
춴	D0-56801		
춵	D0-56901		
춶	D0-57001		
춷	D0-57002		
춷	D0-57201		
춹	D0-57301		
춺	D0-57501		
춻	D0-57502		
춼	D0-57601		
춽	D0-57701		
쟣	D0-57702		
춿	D0-57703		
좞	D0-57704		
좮	D0-57705		
췂	D0-57706		
췃	D0-57707		
췄	D0-57708		
췅	D0-57709		
췆	D0-57710		
췇	D0-57711		
웏	D0-57712		
읡	D0-57713		
얪	D0-57714		
췋	D0-57715		
췌	D0-57716		
췍	D0-57801		
췎	D0-57901		
췏	D0-57902		
췐	D0-57903		
췑	D0-57904		
췒	D0-58001		
췓	D0-58002		
췔	D0-58003		
췕	D0-58004		
췖	D0-58005		
쵗	D0-58006		
췘	D0-58007		
췙	D0-58008		
춻	D0-58009		
욝	D0-58010		
췜	D0-58011		
췝	D0-58012		
췞	D0-58101		
췟	D0-58102		
애	D0-58103		
췡	D0-58201		
췢	D0-58202		
췣	D0-58203		
쩻	D0-58204		
췥	D0-58205		
췦	D0-58206		
췧	D0-58301		
취	D0-58302		
쯺	D0-58303		
췪	D0-58304		
췫	D0-58305		
췬	D0-58401		
췭	D0-58402		
좘	D0-58403		
췯	D0-58404		
췰	D0-58405		
춋	D0-58406		
췲	D0-58407		
쯏	D0-58408		
췴	D0-58501		
췵	D0-58502		
췶	D0-58503		
췷	D0-58504		
췸	D0-58505		
앫	D0-58506		
졩	D0-58507		
췻	D0-58508		
췼	D0-58509		
췽	D0-58510		
췾	D0-58511		
췿	D0-58601		
츀	D0-58602		
츁	D0-58603		
츂	D0-58604		
츃	D0-58605		
쳀	D0-58606		
츅	D0-58607		
츆	D0-58608		
츇	D0-58701		
츈	D0-58702		
츉	D0-58703		
츊	D0-58801		
츋	D0-59101		
츋	D0-59201		
츍	D0-59202		
츎	D0-59203		
츏	D0-59301		
츏	D0-59401		
쐓	D0-59501		
츒	D0-59502		
